Workbook

Sheet Rohdaten
A1: t0 | B1: 2.1 | AP1: mit deckel | AQ1: t0 | AR1: 2.abiotic
B2: 1 | C2: 2 | D2: 3 | E2: 4 | F2: 5 | G2: 6 | H2: 7 | I2: 8 | J2: 9 | K2: 10 | L2: 11 | M2: 12 | AR2: 1 | AS2: 2 | AT2: 3 | AU2: 4 | AV2: 5 | AW2: 6 | AX2: 7 | AY2: 8 | AZ2: 9 | BA2: 10 | BB2: 11 | BC2: 12
A3: A | B3: 0.123 | C3: 0.115 | D3: 0.12 | E3: 0.129 | F3: 0.115 | G3: 0.129 | H3: 0.146 | I3: 0.128 | J3: 0.12 | K3: 0.119 | L3: 0.121 | M3: 0.213 | N3: 490 | AQ3: A | AR3: 0.112 | AS3: 0.112 | AT3: 0.116 | AU3: 0.119 | AV3: 0.119 | AW3: 0.136 | AX3: 0.145 | AY3: 0.121 | AZ3: 0.136 | BA3: 0.111 | BB3: 0.119 | BC3: 0.205 | BD3: 490
B4: 0.093 | C4: 0.088 | D4: 0.091 | E4: 0.097 | F4: 0.087 | G4: 0.091 | H4: 0.117 | I4: 0.093 | J4: 0.092 | K4: 0.091 | L4: 0.091 | M4: 0.128 | N4: 750 | AR4: 0.088 | AS4: 0.093 | AT4: 0.091 | AU4: 0.092 | AV4: 0.093 | AW4: 0.101 | AX4: 0.12 | AY4: 0.09 | AZ4: 0.112 | BA4: 0.088 | BB4: 0.097 | BC4: 0.126 | BD4: 750
A5: B | B5: 0.122 | C5: 0.115 | D5: 0.119 | E5: 0.119 | F5: 0.194 | G5: 0.127 | H5: 0.121 | I5: 0.124 | J5: 0.152 | K5: 0.119 | L5: 0.118 | M5: 0.119 | N5: 490 | AQ5: B | AR5: 0.113 | AS5: 0.111 | AT5: 0.123 | AU5: 0.119 | AV5: 0.185 | AW5: 0.116 | AX5: 0.117 | AY5: 0.117 | AZ5: 0.139 | BA5: 0.112 | BB5: 0.115 | BC5: 0.113 | BD5: 490
B6: 0.092 | C6: 0.088 | D6: 0.089 | E6: 0.09 | F6: 0.088 | G6: 0.096 | H6: 0.092 | I6: 0.092 | J6: 0.096 | K6: 0.09 | L6: 0.088 | M6: 0.09 | N6: 750 | AR6: 0.088 | AS6: 0.089 | AT6: 0.097 | AU6: 0.092 | AV6: 0.09 | AW6: 0.089 | AX6: 0.092 | AY6: 0.088 | AZ6: 0.09 | BA6: 0.089 | BB6: 0.089 | BC6: 0.089 | BD6: 750
A7: C | B7: 0.114 | C7: 0.109 | D7: 0.114 | E7: 0.117 | F7: 0.109 | G7: 0.122 | H7: 0.118 | I7: 0.12 | J7: 0.119 | K7: 0.116 | L7: 0.112 | M7: 0.158 | N7: 490 | AQ7: C | AR7: 0.112 | AS7: 0.126 | AT7: 0.12 | AU7: 0.127 | AV7: 0.123 | AW7: 0.128 | AX7: 0.117 | AY7: 0.122 | AZ7: 0.114 | BA7: 0.113 | BB7: 0.111 | BC7: 0.115 | BD7: 490
B8: 0.086 | C8: 0.083 | D8: 0.086 | E8: 0.089 | F8: 0.085 | G8: 0.092 | H8: 0.089 | I8: 0.09 | J8: 0.091 | K8: 0.088 | L8: 0.087 | M8: 0.115 | N8: 750 | AR8: 0.087 | AS8: 0.102 | AT8: 0.093 | AU8: 0.097 | AV8: 0.097 | AW8: 0.099 | AX8: 0.091 | AY8: 0.097 | AZ8: 0.089 | BA8: 0.09 | BB8: 0.088 | BC8: 0.089 | BD8: 750
A9: D | B9: 0.112 | C9: 0.109 | D9: 0.114 | E9: 0.125 | F9: 0.108 | G9: 0.451 | H9: 0.117 | I9: 0.118 | J9: 0.119 | K9: 0.116 | L9: 0.113 | M9: 0.118 | N9: 490 | AQ9: D | AR9: 0.116 | AS9: 0.11 | AT9: 0.116 | AU9: 0.121 | AV9: 0.114 | AW9: 0.131 | AX9: 0.114 | AY9: 0.112 | AZ9: 0.113 | BA9: 0.112 | BB9: 0.114 | BC9: 0.112 | BD9: 490
B10: 0.086 | C10: 0.084 | D10: 0.087 | E10: 0.098 | F10: 0.084 | G10: 0.094 | H10: 0.088 | I10: 0.088 | J10: 0.09 | K10: 0.089 | L10: 0.087 | M10: 0.089 | N10: 750 | AR10: 0.092 | AS10: 0.086 | AT10: 0.092 | AU10: 0.094 | AV10: 0.091 | AW10: 0.091 | AX10: 0.088 | AY10: 0.087 | AZ10: 0.089 | BA10: 0.087 | BB10: 0.09 | BC10: 0.088 | BD10: 750
A11: E | B11: 0.133 | C11: 0.111 | D11: 0.113 | E11: 0.125 | F11: 0.157 | G11: 0.12 | H11: 0.123 | I11: 0.117 | J11: 0.132 | K11: 0.116 | L11: 0.114 | M11: 0.146 | N11: 490 | AQ11: E | AR11: 0.137 | AS11: 0.115 | AT11: 0.115 | AU11: 0.12 | AV11: 0.165 | AW11: 0.131 | AX11: 0.131 | AY11: 0.129 | AZ11: 0.118 | BA11: 0.132 | BB11: 0.115 | BC11: 0.147 | BD11: 490
B12: 0.11 | C12: 0.087 | D12: 0.089 | E12: 0.096 | F12: 0.085 | G12: 0.09 | H12: 0.089 | I12: 0.088 | J12: 0.101 | K12: 0.089 | L12: 0.089 | M12: 0.09 | N12: 750 | AR12: 0.11 | AS12: 0.09 | AT12: 0.092 | AU12: 0.093 | AV12: 0.099 | AW12: 0.099 | AX12: 0.098 | AY12: 0.102 | AZ12: 0.092 | BA12: 0.105 | BB12: 0.093 | BC12: 0.095 | BD12: 750
A13: F | B13: 0.118 | C13: 0.11 | D13: 0.148 | E13: 0.122 | F13: 0.112 | G13: 0.122 | H13: 0.111 | I13: 0.126 | J13: 0.129 | K13: 0.125 | L13: 0.114 | M13: 0.144 | N13: 490 | AQ13: F | AR13: 0.113 | AS13: 0.11 | AT13: 0.116 | AU13: 0.127 | AV13: 0.114 | AW13: 0.114 | AX13: 0.115 | AY13: 0.119 | AZ13: 0.131 | BA13: 0.112 | BB13: 0.113 | BC13: 0.113 | BD13: 490
B14: 0.091 | C14: 0.087 | D14: 0.107 | E14: 0.096 | F14: 0.085 | G14: 0.092 | H14: 0.084 | I14: 0.096 | J14: 0.089 | K14: 0.089 | L14: 0.086 | M14: 0.11 | N14: 750 | AR14: 0.087 | AS14: 0.088 | AT14: 0.092 | AU14: 0.104 | AV14: 0.089 | AW14: 0.089 | AX14: 0.089 | AY14: 0.093 | AZ14: 0.092 | BA14: 0.091 | BB14: 0.092 | BC14: 0.09 | BD14: 750
A15: G | B15: 0.115 | C15: 0.108 | D15: 0.111 | E15: 0.131 | F15: 0.109 | G15: 0.117 | H15: 0.124 | I15: 0.121 | J15: 0.132 | K15: 0.162 | L15: 0.114 | M15: 0.128 | N15: 490 | AQ15: G | AR15: 0.113 | AS15: 0.111 | AT15: 0.121 | AU15: 0.114 | AV15: 0.111 | AW15: 0.114 | AX15: 0.117 | AY15: 0.116 | AZ15: 0.116 | BA15: 0.117 | BB15: 0.114 | BC15: 0.114 | BD15: 490
B16: 0.087 | C16: 0.085 | D16: 0.088 | E16: 0.102 | F16: 0.085 | G16: 0.089 | H16: 0.094 | I16: 0.092 | J16: 0.103 | K16: 0.134 | L16: 0.088 | M16: 0.098 | N16: 750 | AR16: 0.088 | AS16: 0.089 | AT16: 0.099 | AU16: 0.088 | AV16: 0.087 | AW16: 0.088 | AX16: 0.092 | AY16: 0.091 | AZ16: 0.09 | BA16: 0.093 | BB16: 0.091 | BC16: 0.091 | BD16: 750
A17: H | B17: 0.266 | C17: 0.129 | D17: 0.115 | E17: 0.12 | F17: 0.112 | G17: 0.12 | H17: 0.121 | I17: 0.12 | J17: 0.241 | K17: 0.116 | L17: 0.12 | M17: 0.122 | N17: 490 | AQ17: H | AR17: 0.113 | AS17: 0.111 | AT17: 0.112 | AU17: 0.113 | AV17: 0.11 | AW17: 0.114 | AX17: 0.118 | AY17: 0.113 | AZ17: 0.216 | BA17: 0.112 | BB17: 0.118 | BC17: 0.113 | BD17: 490
B18: 0.242 | C18: 0.101 | D18: 0.088 | E18: 0.091 | F18: 0.086 | G18: 0.09 | H18: 0.088 | I18: 0.091 | J18: 0.093 | K18: 0.088 | L18: 0.086 | M18: 0.092 | N18: 750 | AR18: 0.088 | AS18: 0.088 | AT18: 0.087 | AU18: 0.088 | AV18: 0.086 | AW18: 0.088 | AX18: 0.088 | AY18: 0.088 | AZ18: 0.088 | BA18: 0.087 | BB18: 0.087 | BC18: 0.087 | BD18: 750
A20: t1 | B20: 2.1 | O20: t1 | P20: 2.2 | AC20: t1 | AD20: 2.3
B21: 1 | C21: 2 | D21: 3 | E21: 4 | F21: 5 | G21: 6 | H21: 7 | I21: 8 | J21: 9 | K21: 10 | L21: 11 | M21: 12 | P21: 1 | Q21: 2 | R21: 3 | S21: 4 | T21: 5 | U21: 6 | V21: 7 | W21: 8 | X21: 9 | Y21: 10 | Z21: 11 | AA21: 12 | AD21: 1 | AE21: 2 | AF21: 3 | AG21: 4 | AH21: 5 | AI21: 6 | AJ21: 7 | AK21: 8 | AL21: 9 | AM21: 10 | AN21: 11 | AO21: 12
A22: A | B22: 0.169 | C22: 0.159 | D22: 0.186 | E22: 0.178 | F22: 0.155 | G22: 0.208 | H22: 0.143 | I22: 0.165 | J22: 0.172 | K22: 0.5 | L22: 0.169 | M22: 0.368 | N22: 490 | O22: A | P22: 0.167 | Q22: 0.155 | R22: 0.162 | S22: 0.18 | T22: 0.163 | U22: 0.207 | V22: 0.174 | W22: 0.17 | X22: 0.179 | Y22: 0.457 | Z22: 0.172 | AA22: 0.351 | AB22: 490 | AC22: A | AD22: 0.167 | AE22: 0.17 | AF22: 0.162 | AG22: 0.178 | AH22: 0.166 | AI22: 0.213 | AJ22: 0.165 | AK22: 0.161 | AL22: 0.179 | AM22: 0.424 | AN22: 0.174 | AO22: 0.359 | AP22: 490
B23: 0.122 | C23: 0.113 | D23: 0.134 | E23: 0.128 | F23: 0.116 | G23: 0.141 | H23: 0.1 | I23: 0.11 | J23: 0.126 | K23: 0.304 | L23: 0.121 | M23: 0.216 | N23: 750 | P23: 0.12 | Q23: 0.111 | R23: 0.119 | S23: 0.13 | T23: 0.122 | U23: 0.141 | V23: 0.123 | W23: 0.115 | X23: 0.131 | Y23: 0.278 | Z23: 0.123 | AA23: 0.208 | AB23: 750 | AD23: 0.119 | AE23: 0.119 | AF23: 0.12 | AG23: 0.129 | AH23: 0.122 | AI23: 0.145 | AJ23: 0.115 | AK23: 0.111 | AL23: 0.131 | AM23: 0.255 | AN23: 0.125 | AO23: 0.209 | AP23: 750
A24: B | B24: 0.168 | C24: 0.148 | D24: 0.184 | E24: 0.274 | F24: 0.394 | G24: 0.377 | H24: 0.369 | I24: 0.178 | J24: 0.288 | K24: 0.443 | L24: 0.201 | M24: 0.142 | N24: 490 | O24: B | P24: 0.167 | Q24: 0.14 | R24: 0.189 | S24: 0.266 | T24: 0.41 | U24: 0.315 | V24: 0.328 | W24: 0.183 | X24: 0.315 | Y24: 0.328 | Z24: 0.208 | AA24: 0.144 | AB24: 490 | AC24: B | AD24: 0.17 | AE24: 0.148 | AF24: 0.178 | AG24: 0.273 | AH24: 0.337 | AI24: 0.338 | AJ24: 0.366 | AK24: 0.175 | AL24: 0.251 | AM24: 0.375 | AN24: 0.19 | AO24: 0.145 | AP24: 490
B25: 0.121 | C25: 0.107 | D25: 0.118 | E25: 0.192 | F25: 0.13 | G25: 0.225 | H25: 0.256 | I25: 0.125 | J25: 0.113 | K25: 0.29 | L25: 0.138 | M25: 0.098 | N25: 750 | P25: 0.12 | Q25: 0.101 | R25: 0.122 | S25: 0.19 | T25: 0.132 | U25: 0.192 | V25: 0.232 | W25: 0.13 | X25: 0.129 | Y25: 0.213 | Z25: 0.143 | AA25: 0.099 | AB25: 750 | AD25: 0.122 | AE25: 0.106 | AF25: 0.121 | AG25: 0.194 | AH25: 0.132 | AI25: 0.207 | AJ25: 0.257 | AK25: 0.124 | AL25: 0.107 | AM25: 0.242 | AN25: 0.135 | AO25: 0.101 | AP25: 750
A26: C | B26: 0.17 | C26: 0.146 | D26: 0.165 | E26: 0.36 | F26: 0.195 | G26: 0.179 | H26: 0.174 | I26: 0.168 | J26: 0.173 | K26: 0.163 | L26: 0.165 | M26: 0.712 | N26: 490 | O26: C | P26: 0.169 | Q26: 0.151 | R26: 0.168 | S26: 0.355 | T26: 0.208 | U26: 0.178 | V26: 0.179 | W26: 0.169 | X26: 0.175 | Y26: 0.16 | Z26: 0.172 | AA26: 0.636 | AB26: 490 | AC26: C | AD26: 0.157 | AE26: 0.155 | AF26: 0.164 | AG26: 0.374 | AH26: 0.212 | AI26: 0.171 | AJ26: 0.177 | AK26: 0.16 | AL26: 0.175 | AM26: 0.17 | AN26: 0.164 | AO26: 0.614 | AP26: 490
B27: 0.122 | C27: 0.105 | D27: 0.119 | E27: 0.225 | F27: 0.144 | G27: 0.128 | H27: 0.126 | I27: 0.117 | J27: 0.125 | K27: 0.119 | L27: 0.122 | M27: 0.393 | N27: 750 | P27: 0.121 | Q27: 0.108 | R27: 0.122 | S27: 0.223 | T27: 0.153 | U27: 0.129 | V27: 0.13 | W27: 0.119 | X27: 0.128 | Y27: 0.118 | Z27: 0.128 | AA27: 0.336 | AB27: 750 | AD27: 0.113 | AE27: 0.111 | AF27: 0.119 | AG27: 0.236 | AH27: 0.154 | AI27: 0.125 | AJ27: 0.127 | AK27: 0.114 | AL27: 0.127 | AM27: 0.123 | AN27: 0.122 | AO27: 0.333 | AP27: 750
A28: D | B28: 0.171 | C28: 0.151 | D28: 0.158 | E28: 0.148 | F28: 0.158 | G28: 0.257 | H28: 0.42 | I28: 0.317 | J28: 0.153 | K28: 0.191 | L28: 0.154 | M28: 0.164 | N28: 490 | O28: D | P28: 0.173 | Q28: 0.155 | R28: 0.163 | S28: 0.15 | T28: 0.168 | U28: 0.263 | V28: 0.443 | W28: 0.307 | X28: 0.15 | Y28: 0.171 | Z28: 0.156 | AA28: 0.157 | AB28: 490 | AC28: D | AD28: 0.171 | AE28: 0.157 | AF28: 0.166 | AG28: 0.14 | AH28: 0.173 | AI28: 0.235 | AJ28: 0.461 | AK28: 0.328 | AL28: 0.158 | AM28: 0.168 | AN28: 0.154 | AO28: 0.161 | AP28: 490
B29: 0.124 | C29: 0.11 | D29: 0.115 | E29: 0.093 | F29: 0.116 | G29: 0.145 | H29: 0.188 | I29: 0.209 | J29: 0.108 | K29: 0.135 | L29: 0.111 | M29: 0.118 | N29: 750 | P29: 0.125 | Q29: 0.114 | R29: 0.119 | S29: 0.094 | T29: 0.123 | U29: 0.149 | V29: 0.189 | W29: 0.208 | X29: 0.108 | Y29: 0.127 | Z29: 0.113 | AA29: 0.114 | AB29: 750 | AD29: 0.123 | AE29: 0.113 | AF29: 0.12 | AG29: 0.091 | AH29: 0.125 | AI29: 0.147 | AJ29: 0.204 | AK29: 0.217 | AL29: 0.111 | AM29: 0.123 | AN29: 0.113 | AO29: 0.116 | AP29: 750
A30: E | B30: 0.095 | C30: 0.136 | D30: 0.154 | E30: 0.285 | F30: 0.399 | G30: 0.168 | H30: 0.167 | I30: 0.166 | J30: 0.159 | K30: 0.159 | L30: 0.149 | M30: 0.321 | N30: 490 | O30: E | P30: 0.089 | Q30: 0.131 | R30: 0.159 | S30: 0.276 | T30: 0.427 | U30: 0.168 | V30: 0.174 | W30: 0.173 | X30: 0.157 | Y30: 0.176 | Z30: 0.154 | AA30: 0.337 | AB30: 490 | AC30: E | AD30: 0.089 | AE30: 0.138 | AF30: 0.154 | AG30: 0.261 | AH30: 0.396 | AI30: 0.166 | AJ30: 0.173 | AK30: 0.16 | AL30: 0.161 | AM30: 0.156 | AN30: 0.148 | AO30: 0.303 | AP30: 490
B31: 0.065 | C31: 0.097 | D31: 0.114 | E31: 0.21 | F31: 0.097 | G31: 0.12 | H31: 0.119 | I31: 0.121 | J31: 0.111 | K31: 0.112 | L31: 0.109 | M31: 0.122 | N31: 750 | P31: 0.06 | Q31: 0.096 | R31: 0.119 | S31: 0.204 | T31: 0.103 | U31: 0.121 | V31: 0.124 | W31: 0.127 | X31: 0.112 | Y31: 0.132 | Z31: 0.114 | AA31: 0.123 | AB31: 750 | AD31: 0.06 | AE31: 0.098 | AF31: 0.115 | AG31: 0.193 | AH31: 0.102 | AI31: 0.119 | AJ31: 0.121 | AK31: 0.117 | AL31: 0.115 | AM31: 0.11 | AN31: 0.109 | AO31: 0.122 | AP31: 750
A32: F | B32: 0.155 | C32: 0.144 | D32: 0.175 | E32: 0.165 | F32: 0.18 | G32: 0.164 | H32: 0.152 | I32: 0.172 | J32: 0.233 | K32: 0.155 | L32: 0.153 | M32: 0.161 | N32: 490 | O32: F | P32: 0.166 | Q32: 0.147 | R32: 0.155 | S32: 0.161 | T32: 0.186 | U32: 0.161 | V32: 0.171 | W32: 0.162 | X32: 0.243 | Y32: 0.157 | Z32: 0.162 | AA32: 0.149 | AB32: 490 | AC32: F | AD32: 0.152 | AE32: 0.153 | AF32: 0.162 | AG32: 0.16 | AH32: 0.189 | AI32: 0.162 | AJ32: 0.166 | AK32: 0.151 | AL32: 0.24 | AM32: 0.178 | AN32: 0.148 | AO32: 0.158 | AP32: 490
B33: 0.112 | C33: 0.106 | D33: 0.119 | E33: 0.123 | F33: 0.112 | G33: 0.117 | H33: 0.111 | I33: 0.124 | J33: 0.101 | K33: 0.112 | L33: 0.111 | M33: 0.115 | N33: 750 | P33: 0.12 | Q33: 0.11 | R33: 0.114 | S33: 0.121 | T33: 0.116 | U33: 0.118 | V33: 0.124 | W33: 0.119 | X33: 0.111 | Y33: 0.116 | Z33: 0.12 | AA33: 0.108 | AB33: 750 | AD33: 0.11 | AE33: 0.112 | AF33: 0.118 | AG33: 0.118 | AH33: 0.117 | AI33: 0.116 | AJ33: 0.12 | AK33: 0.11 | AL33: 0.105 | AM33: 0.127 | AN33: 0.108 | AO33: 0.113 | AP33: 750
A34: G | B34: 0.177 | C34: 0.285 | D34: 0.16 | E34: 0.217 | F34: 0.123 | G34: 0.158 | H34: 0.146 | I34: 0.155 | J34: 0.151 | K34: 0.199 | L34: 0.13 | M34: 0.148 | N34: 490 | O34: G | P34: 0.148 | Q34: 0.158 | R34: 0.156 | S34: 0.263 | T34: 0.13 | U34: 0.157 | V34: 0.147 | W34: 0.159 | X34: 0.156 | Y34: 0.142 | Z34: 0.136 | AA34: 0.149 | AB34: 490 | AC34: G | AD34: 0.159 | AE34: 0.173 | AF34: 0.153 | AG34: 0.245 | AH34: 0.133 | AI34: 0.15 | AJ34: 0.145 | AK34: 0.145 | AL34: 0.171 | AM34: 0.146 | AN34: 0.126 | AO34: 0.15 | AP34: 490
B35: 0.124 | C35: 0.196 | D35: 0.12 | E35: 0.163 | F35: 0.088 | G35: 0.108 | H35: 0.103 | I35: 0.111 | J35: 0.108 | K35: 0.136 | L35: 0.09 | M35: 0.103 | N35: 750 | P35: 0.106 | Q35: 0.12 | R35: 0.117 | S35: 0.196 | T35: 0.093 | U35: 0.11 | V35: 0.104 | W35: 0.115 | X35: 0.11 | Y35: 0.103 | Z35: 0.094 | AA35: 0.104 | AB35: 750 | AD35: 0.113 | AE35: 0.128 | AF35: 0.114 | AG35: 0.179 | AH35: 0.093 | AI35: 0.102 | AJ35: 0.101 | AK35: 0.104 | AL35: 0.119 | AM35: 0.105 | AN35: 0.088 | AO35: 0.105 | AP35: 750
A36: H | B36: 0.308 | C36: 0.121 | D36: 0.165 | E36: 0.159 | F36: 0.153 | G36: 0.162 | H36: 0.161 | I36: 0.171 | J36: 0.887 | K36: 0.16 | L36: 0.175 | M36: 0.172 | N36: 490 | O36: H | P36: 0.307 | Q36: 0.134 | R36: 0.153 | S36: 0.154 | T36: 0.151 | U36: 0.158 | V36: 0.161 | W36: 0.164 | X36: 0.858 | Y36: 0.163 | Z36: 0.183 | AA36: 0.172 | AB36: 490 | AC36: H | AD36: 0.279 | AE36: 0.133 | AF36: 0.149 | AG36: 0.153 | AH36: 0.15 | AI36: 0.153 | AJ36: 0.16 | AK36: 0.158 | AL36: 0.93 | AM36: 0.165 | AN36: 0.168 | AO36: 0.164 | AP36: 490
B37: 0.211 | C37: 0.085 | D37: 0.118 | E37: 0.113 | F37: 0.11 | G37: 0.114 | H37: 0.112 | I37: 0.124 | J37: 0.315 | K37: 0.114 | L37: 0.11 | M37: 0.124 | N37: 750 | P37: 0.212 | Q37: 0.094 | R37: 0.11 | S37: 0.11 | T37: 0.11 | U37: 0.112 | V37: 0.113 | W37: 0.119 | X37: 0.273 | Y37: 0.118 | Z37: 0.118 | AA37: 0.124 | AB37: 750 | AD37: 0.194 | AE37: 0.093 | AF37: 0.107 | AG37: 0.108 | AH37: 0.107 | AI37: 0.108 | AJ37: 0.11 | AK37: 0.115 | AL37: 0.33 | AM37: 0.121 | AN37: 0.108 | AO37: 0.119 | AP37: 750
A39: t2 | B39: 2.1 | O39: t2 | P39: 2.2 | AC39: t2 | AD39: 2.3
B40: 1 | C40: 2 | D40: 3 | E40: 4 | F40: 5 | G40: 6 | H40: 7 | I40: 8 | J40: 9 | K40: 10 | L40: 11 | M40: 12 | P40: 1 | Q40: 2 | R40: 3 | S40: 4 | T40: 5 | U40: 6 | V40: 7 | W40: 8 | X40: 9 | Y40: 10 | Z40: 11 | AA40: 12 | AD40: 1 | AE40: 2 | AF40: 3 | AG40: 4 | AH40: 5 | AI40: 6 | AJ40: 7 | AK40: 8 | AL40: 9 | AM40: 10 | AN40: 11 | AO40: 12
A41: A | B41: 0.159 | C41: 0.182 | D41: 0.194 | E41: 0.205 | F41: 0.147 | G41: 0.201 | H41: 0.136 | I41: 0.157 | J41: 0.162 | K41: 0.557 | L41: 0.167 | M41: 0.345 | N41: 490 | O41: A | P41: 0.156 | Q41: 0.145 | R41: 0.152 | S41: 0.169 | T41: 0.153 | U41: 0.201 | V41: 0.163 | W41: 0.162 | X41: 0.168 | Y41: 0.537 | Z41: 0.164 | AA41: 0.333 | AB41: 490 | AC41: A | AD41: 0.156 | AE41: 0.157 | AF41: 0.151 | AG41: 0.201 | AH41: 0.156 | AI41: 0.204 | AJ41: 0.156 | AK41: 0.189 | AL41: 0.2 | AM41: 0.511 | AN41: 0.164 | AO41: 0.338 | AP41: 490
B42: 0.112 | C42: 0.117 | D42: 0.127 | E42: 0.133 | F42: 0.107 | G42: 0.13 | H42: 0.094 | I42: 0.103 | J42: 0.116 | K42: 0.33 | L42: 0.113 | M42: 0.197 | N42: 750 | P42: 0.109 | Q42: 0.101 | R42: 0.109 | S42: 0.12 | T42: 0.112 | U42: 0.131 | V42: 0.114 | W42: 0.107 | X42: 0.12 | Y42: 0.316 | Z42: 0.115 | AA42: 0.189 | AB42: 750 | AD42: 0.109 | AE42: 0.108 | AF42: 0.109 | AG42: 0.136 | AH42: 0.112 | AI42: 0.133 | AJ42: 0.107 | AK42: 0.123 | AL42: 0.131 | AM42: 0.298 | AN42: 0.115 | AO42: 0.192 | AP42: 750
A43: B | B43: 0.158 | C43: 0.142 | D43: 0.199 | E43: 0.321 | F43: 0.425 | G43: 0.6 | H43: 0.489 | I43: 0.171 | J43: 0.32 | K43: 0.7 | L43: 0.206 | M43: 0.141 | N43: 490 | O43: B | P43: 0.158 | Q43: 0.136 | R43: 0.206 | S43: 0.299 | T43: 0.438 | U43: 0.505 | V43: 0.487 | W43: 0.176 | X43: 0.345 | Y43: 0.527 | Z43: 0.292 | AA43: 0.141 | AB43: 490 | AC43: B | AD43: 0.16 | AE43: 0.142 | AF43: 0.188 | AG43: 0.311 | AH43: 0.358 | AI43: 0.522 | AJ43: 0.497 | AK43: 0.205 | AL43: 0.272 | AM43: 0.585 | AN43: 0.193 | AO43: 0.142 | AP43: 490
B44: 0.111 | C44: 0.1 | D44: 0.122 | E44: 0.207 | F44: 0.132 | G44: 0.293 | H44: 0.317 | I44: 0.118 | J44: 0.113 | K44: 0.424 | L44: 0.139 | M44: 0.093 | N44: 750 | P44: 0.111 | Q44: 0.098 | R44: 0.126 | S44: 0.211 | T44: 0.133 | U44: 0.253 | V44: 0.307 | W44: 0.12 | X44: 0.127 | Y44: 0.313 | Z44: 0.158 | AA44: 0.095 | AB44: 750 | AD44: 0.112 | AE44: 0.099 | AF44: 0.123 | AG44: 0.218 | AH44: 0.13 | AI44: 0.25 | AJ44: 0.327 | AK44: 0.124 | AL44: 0.103 | AM44: 0.352 | AN44: 0.135 | AO44: 0.096 | AP44: 750
A45: C | B45: 0.168 | C45: 0.142 | D45: 0.158 | E45: 0.591 | F45: 0.236 | G45: 0.192 | H45: 0.166 | I45: 0.222 | J45: 0.166 | K45: 0.173 | L45: 0.159 | M45: 0.949 | N45: 490 | O45: C | P45: 0.167 | Q45: 0.148 | R45: 0.189 | S45: 0.638 | T45: 0.271 | U45: 0.167 | V45: 0.171 | W45: 0.226 | X45: 0.168 | Y45: 0.154 | Z45: 0.166 | AA45: 0.876 | AB45: 490 | AC45: C | AD45: 0.155 | AE45: 0.15 | AF45: 0.157 | AG45: 0.591 | AH45: 0.39 | AI45: 0.16 | AJ45: 0.168 | AK45: 0.194 | AL45: 0.164 | AM45: 0.188 | AN45: 0.158 | AO45: 0.899 | AP45: 490
B46: 0.114 | C46: 0.1 | D46: 0.112 | E46: 0.335 | F46: 0.163 | G46: 0.127 | H46: 0.118 | I46: 0.115 | J46: 0.119 | K46: 0.119 | L46: 0.115 | M46: 0.531 | N46: 750 | P46: 0.113 | Q46: 0.103 | R46: 0.125 | S46: 0.315 | T46: 0.185 | U46: 0.118 | V46: 0.121 | W46: 0.119 | X46: 0.121 | Y46: 0.112 | Z46: 0.121 | AA46: 0.472 | AB46: 750 | AD46: 0.105 | AE46: 0.105 | AF46: 0.111 | AG46: 0.334 | AH46: 0.264 | AI46: 0.114 | AJ46: 0.118 | AK46: 0.114 | AL46: 0.117 | AM46: 0.124 | AN46: 0.115 | AO46: 0.506 | AP46: 750
A47: D | B47: 0.246 | C47: 0.147 | D47: 0.152 | E47: 0.146 | F47: 0.151 | G47: 0.28 | H47: 0.568 | I47: 0.588 | J47: 0.146 | K47: 0.942 | L47: 0.147 | M47: 0.153 | N47: 490 | O47: D | P47: 0.161 | Q47: 0.15 | R47: 0.163 | S47: 0.148 | T47: 0.191 | U47: 0.285 | V47: 0.662 | W47: 0.551 | X47: 0.143 | Y47: 0.165 | Z47: 0.15 | AA47: 0.148 | AB47: 490 | AC47: D | AD47: 0.159 | AE47: 0.151 | AF47: 0.208 | AG47: 0.136 | AH47: 0.163 | AI47: 0.317 | AJ47: 0.587 | AK47: 0.524 | AL47: 0.186 | AM47: 0.163 | AN47: 0.146 | AO47: 0.15 | AP47: 490
B48: 0.144 | C48: 0.107 | D48: 0.109 | E48: 0.086 | F48: 0.109 | G48: 0.15 | H48: 0.244 | I48: 0.287 | J48: 0.102 | K48: 0.323 | L48: 0.105 | M48: 0.108 | N48: 750 | P48: 0.113 | Q48: 0.107 | R48: 0.114 | S48: 0.085 | T48: 0.128 | U48: 0.152 | V48: 0.267 | W48: 0.323 | X48: 0.1 | Y48: 0.12 | Z48: 0.107 | AA48: 0.104 | AB48: 750 | AD48: 0.111 | AE48: 0.106 | AF48: 0.133 | AG48: 0.082 | AH48: 0.116 | AI48: 0.149 | AJ48: 0.233 | AK48: 0.298 | AL48: 0.132 | AM48: 0.117 | AN48: 0.106 | AO48: 0.106 | AP48: 750
A49: E | B49: 0.1 | C49: 0.133 | D49: 0.149 | E49: 0.332 | F49: 0.415 | G49: 0.162 | H49: 0.16 | I49: 0.163 | J49: 0.353 | K49: 0.154 | L49: 0.144 | M49: 0.381 | N49: 490 | O49: E | P49: 0.089 | Q49: 0.13 | R49: 0.153 | S49: 0.284 | T49: 0.442 | U49: 0.162 | V49: 0.168 | W49: 0.164 | X49: 0.26 | Y49: 0.163 | Z49: 0.191 | AA49: 0.399 | AB49: 490 | AC49: E | AD49: 0.091 | AE49: 0.136 | AF49: 0.311 | AG49: 0.303 | AH49: 0.412 | AI49: 0.158 | AJ49: 0.165 | AK49: 0.525 | AL49: 0.266 | AM49: 0.151 | AN49: 0.141 | AO49: 0.361 | AP49: 490
B50: 0.068 | C50: 0.095 | D50: 0.109 | E50: 0.248 | F50: 0.095 | G50: 0.114 | H50: 0.113 | I50: 0.114 | J50: 0.166 | K50: 0.107 | L50: 0.106 | M50: 0.117 | N50: 750 | P50: 0.06 | Q50: 0.092 | R50: 0.112 | S50: 0.21 | T50: 0.1 | U50: 0.114 | V50: 0.117 | W50: 0.118 | X50: 0.135 | Y50: 0.116 | Z50: 0.125 | AA50: 0.119 | AB50: 750 | AD50: 0.062 | AE50: 0.095 | AF50: 0.158 | AG50: 0.211 | AH50: 0.098 | AI50: 0.111 | AJ50: 0.114 | AK50: 0.217 | AL50: 0.15 | AM50: 0.103 | AN50: 0.102 | AO50: 0.117 | AP50: 750
A51: F | B51: 0.145 | C51: 0.139 | D51: 0.17 | E51: 0.158 | F51: 0.302 | G51: 0.155 | H51: 0.146 | I51: 0.164 | J51: 0.26 | K51: 0.148 | L51: 0.147 | M51: 0.666 | N51: 490 | O51: F | P51: 0.338 | Q51: 0.141 | R51: 0.151 | S51: 0.156 | T51: 0.21 | U51: 0.155 | V51: 0.163 | W51: 0.155 | X51: 0.266 | Y51: 0.15 | Z51: 0.155 | AA51: 0.141 | AB51: 490 | AC51: F | AD51: 0.141 | AE51: 0.146 | AF51: 0.224 | AG51: 0.154 | AH51: 0.195 | AI51: 0.185 | AJ51: 0.191 | AK51: 0.144 | AL51: 0.265 | AM51: 0.286 | AN51: 0.141 | AO51: 0.147 | AP51: 490
B52: 0.103 | C52: 0.1 | D52: 0.115 | E52: 0.117 | F52: 0.152 | G52: 0.11 | H52: 0.106 | I52: 0.116 | J52: 0.1 | K52: 0.105 | L52: 0.108 | M52: 0.23 | N52: 750 | P52: 0.173 | Q52: 0.102 | R52: 0.11 | S52: 0.116 | T52: 0.11 | U52: 0.112 | V52: 0.116 | W52: 0.111 | X52: 0.109 | Y52: 0.109 | Z52: 0.112 | AA52: 0.1 | AB52: 750 | AD52: 0.1 | AE52: 0.105 | AF52: 0.138 | AG52: 0.112 | AH52: 0.11 | AI52: 0.109 | AJ52: 0.126 | AK52: 0.103 | AL52: 0.103 | AM52: 0.156 | AN52: 0.101 | AO52: 0.103 | AP52: 750
A53: G | B53: 0.185 | C53: 0.352 | D53: 0.266 | E53: 0.243 | F53: 0.12 | G53: 0.152 | H53: 0.142 | I53: 0.15 | J53: 0.183 | K53: 0.285 | L53: 0.128 | M53: 0.143 | N53: 490 | O53: G | P53: 0.141 | Q53: 0.156 | R53: 0.15 | S53: 0.285 | T53: 0.126 | U53: 0.151 | V53: 0.151 | W53: 0.19 | X53: 0.204 | Y53: 0.196 | Z53: 0.184 | AA53: 0.145 | AB53: 490 | AC53: G | AD53: 0.149 | AE53: 0.236 | AF53: 0.146 | AG53: 0.28 | AH53: 0.209 | AI53: 0.143 | AJ53: 0.141 | AK53: 0.205 | AL53: 0.188 | AM53: 0.227 | AN53: 0.124 | AO53: 0.188 | AP53: 490
B54: 0.118 | C54: 0.206 | D54: 0.152 | E54: 0.171 | F54: 0.086 | G54: 0.107 | H54: 0.1 | I54: 0.106 | J54: 0.115 | K54: 0.16 | L54: 0.087 | M54: 0.098 | N54: 750 | P54: 0.099 | Q54: 0.115 | R54: 0.112 | S54: 0.206 | T54: 0.089 | U54: 0.105 | V54: 0.108 | W54: 0.122 | X54: 0.121 | Y54: 0.122 | Z54: 0.107 | AA54: 0.1 | AB54: 750 | AD54: 0.104 | AE54: 0.144 | AF54: 0.107 | AG54: 0.192 | AH54: 0.118 | AI54: 0.099 | AJ54: 0.097 | AK54: 0.126 | AL54: 0.119 | AM54: 0.133 | AN54: 0.084 | AO54: 0.116 | AP54: 750
A55: H | B55: 0.395 | C55: 0.116 | D55: 0.155 | E55: 0.155 | F55: 0.145 | G55: 0.154 | H55: 0.153 | I55: 0.163 | J55: 1.065 | K55: 0.15 | L55: 0.17 | M55: 0.16 | N55: 490 | O55: H | P55: 0.357 | Q55: 0.13 | R55: 0.148 | S55: 0.149 | T55: 0.145 | U55: 0.151 | V55: 0.218 | W55: 0.158 | X55: 1.047 | Y55: 0.158 | Z55: 0.179 | AA55: 0.164 | AB55: 490 | AC55: H | AD55: 0.329 | AE55: 0.128 | AF55: 1.188 | AG55: 0.154 | AH55: 0.142 | AI55: 0.146 | AJ55: 0.151 | AK55: 0.216 | AL55: 1.101 | AM55: 0.205 | AN55: 0.162 | AO55: 0.153 | AP55: 490
B56: 0.241 | C56: 0.081 | D56: 0.109 | E56: 0.107 | F56: 0.102 | G56: 0.106 | H56: 0.105 | I56: 0.115 | J56: 0.405 | K56: 0.106 | L56: 0.099 | M56: 0.112 | N56: 750 | P56: 0.237 | Q56: 0.09 | R56: 0.104 | S56: 0.106 | T56: 0.104 | U56: 0.105 | V56: 0.123 | W56: 0.112 | X56: 0.374 | Y56: 0.11 | Z56: 0.108 | AA56: 0.116 | AB56: 750 | AD56: 0.219 | AE56: 0.088 | AF56: 0.405 | AG56: 0.107 | AH56: 0.099 | AI56: 0.1 | AJ56: 0.101 | AK56: 0.126 | AL56: 0.416 | AM56: 0.128 | AN56: 0.096 | AO56: 0.107 | AP56: 750
A58: t3 | B58: PM2.1 | C58: 51 | O58: t3 | P58: PM2.2 | Q58: 51 | AC58: t3 | AD58: PM2.3 | AE58: 51
B59: 1 | C59: 2 | D59: 3 | E59: 4 | F59: 5 | G59: 6 | H59: 7 | I59: 8 | J59: 9 | K59: 10 | L59: 11 | M59: 12 | P59: 1 | Q59: 2 | R59: 3 | S59: 4 | T59: 5 | U59: 6 | V59: 7 | W59: 8 | X59: 9 | Y59: 10 | Z59: 11 | AA59: 12 | AD59: 1 | AE59: 2 | AF59: 3 | AG59: 4 | AH59: 5 | AI59: 6 | AJ59: 7 | AK59: 8 | AL59: 9 | AM59: 10 | AN59: 11 | AO59: 12
A60: A | B60: 0.157 | C60: 0.181 | D60: 0.203 | E60: 0.227 | F60: 0.145 | G60: 0.199 | H60: 0.134 | I60: 0.156 | J60: 0.16 | K60: 0.568 | L60: 0.189 | M60: 0.34 | N60: 490 | O60: A | P60: 0.154 | Q60: 0.143 | R60: 0.15 | S60: 0.168 | T60: 0.151 | U60: 0.202 | V60: 0.162 | W60: 0.159 | X60: 0.166 | Y60: 0.539 | Z60: 0.162 | AA60: 0.33 | AB60: 490 | AC60: A | AD60: 0.154 | AE60: 0.155 | AF60: 0.149 | AG60: 0.209 | AH60: 0.154 | AI60: 0.202 | AJ60: 0.153 | AK60: 0.222 | AL60: 0.213 | AM60: 0.513 | AN60: 0.162 | AO60: 0.342 | AP60: 490
B61: 0.11 | C61: 0.116 | D61: 0.129 | E61: 0.14 | F61: 0.106 | G61: 0.128 | H61: 0.092 | I61: 0.102 | J61: 0.115 | K61: 0.336 | L61: 0.119 | M61: 0.194 | N61: 750 | P61: 0.108 | Q61: 0.1 | R61: 0.108 | S61: 0.118 | T61: 0.11 | U61: 0.131 | V61: 0.113 | W61: 0.105 | X61: 0.118 | Y61: 0.319 | Z61: 0.112 | AA61: 0.186 | AB61: 750 | AD61: 0.107 | AE61: 0.107 | AF61: 0.107 | AG61: 0.135 | AH61: 0.111 | AI61: 0.13 | AJ61: 0.105 | AK61: 0.135 | AL61: 0.136 | AM61: 0.301 | AN61: 0.114 | AO61: 0.192 | AP61: 750
A62: B | B62: 0.156 | C62: 0.141 | D62: 0.202 | E62: 0.334 | F62: 0.429 | G62: 0.634 | H62: 0.499 | I62: 0.173 | J62: 0.325 | K62: 0.733 | L62: 0.206 | M62: 0.14 | N62: 490 | O62: B | P62: 0.156 | Q62: 0.135 | R62: 0.209 | S62: 0.308 | T62: 0.443 | U62: 0.544 | V62: 0.512 | W62: 0.175 | X62: 0.349 | Y62: 0.57 | Z62: 0.31 | AA62: 0.141 | AB62: 490 | AC62: B | AD62: 0.158 | AE62: 0.141 | AF62: 0.189 | AG62: 0.321 | AH62: 0.36 | AI62: 0.554 | AJ62: 0.503 | AK62: 0.203 | AL62: 0.275 | AM62: 0.63 | AN62: 0.192 | AO62: 0.141 | AP62: 490
B63: 0.11 | C63: 0.099 | D63: 0.123 | E63: 0.212 | F63: 0.132 | G63: 0.303 | H63: 0.32 | I63: 0.12 | J63: 0.113 | K63: 0.436 | L63: 0.14 | M63: 0.093 | N63: 750 | P63: 0.109 | Q63: 0.096 | R63: 0.127 | S63: 0.215 | T63: 0.134 | U63: 0.271 | V63: 0.322 | W63: 0.119 | X63: 0.126 | Y63: 0.335 | Z63: 0.161 | AA63: 0.094 | AB63: 750 | AD63: 0.111 | AE63: 0.098 | AF63: 0.123 | AG63: 0.223 | AH63: 0.13 | AI63: 0.263 | AJ63: 0.33 | AK63: 0.123 | AL63: 0.103 | AM63: 0.371 | AN63: 0.134 | AO63: 0.095 | AP63: 750
A64: C | B64: 0.171 | C64: 0.141 | D64: 0.157 | E64: 0.624 | F64: 0.253 | G64: 0.207 | H64: 0.165 | I64: 0.227 | J64: 0.165 | K64: 0.185 | L64: 0.158 | M64: 0.964 | N64: 490 | O64: C | P64: 0.165 | Q64: 0.147 | R64: 0.187 | S64: 0.596 | T64: 0.279 | U64: 0.165 | V64: 0.17 | W64: 0.231 | X64: 0.165 | Y64: 0.153 | Z64: 0.164 | AA64: 0.902 | AB64: 490 | AC64: C | AD64: 0.158 | AE64: 0.149 | AF64: 0.156 | AG64: 0.628 | AH64: 0.377 | AI64: 0.159 | AJ64: 0.174 | AK64: 0.196 | AL64: 0.165 | AM64: 0.183 | AN64: 0.156 | AO64: 0.93 | AP64: 490
B65: 0.113 | C65: 0.099 | D65: 0.111 | E65: 0.353 | F65: 0.169 | G65: 0.132 | H65: 0.116 | I65: 0.116 | J65: 0.118 | K65: 0.123 | L65: 0.116 | M65: 0.537 | N65: 750 | P65: 0.112 | Q65: 0.102 | R65: 0.124 | S65: 0.332 | T65: 0.188 | U65: 0.116 | V65: 0.119 | W65: 0.12 | X65: 0.117 | Y65: 0.11 | Z65: 0.119 | AA65: 0.486 | AB65: 750 | AD65: 0.104 | AE65: 0.104 | AF65: 0.11 | AG65: 0.357 | AH65: 0.245 | AI65: 0.113 | AJ65: 0.123 | AK65: 0.113 | AL65: 0.117 | AM65: 0.121 | AN65: 0.114 | AO65: 0.522 | AP65: 750
A66: D | B66: 0.293 | C66: 0.149 | D66: 0.151 | E66: 0.146 | F66: 0.15 | G66: 0.282 | H66: 0.586 | I66: 0.637 | J66: 0.185 | K66: 1.331 | L66: 0.147 | M66: 0.15 | N66: 490 | O66: D | P66: 0.158 | Q66: 0.149 | R66: 0.172 | S66: 0.148 | T66: 0.203 | U66: 0.323 | V66: 0.622 | W66: 0.592 | X66: 0.142 | Y66: 0.164 | Z66: 0.149 | AA66: 0.146 | AB66: 490 | AC66: D | AD66: 0.16 | AE66: 0.15 | AF66: 0.189 | AG66: 0.157 | AH66: 0.162 | AI66: 0.256 | AJ66: 0.613 | AK66: 0.559 | AL66: 0.178 | AM66: 0.163 | AN66: 0.145 | AO66: 0.148 | AP66: 490
B67: 0.159 | C67: 0.107 | D67: 0.107 | E67: 0.084 | F67: 0.108 | G67: 0.149 | H67: 0.254 | I67: 0.301 | J67: 0.101 | K67: 0.434 | L67: 0.106 | M67: 0.105 | N67: 750 | P67: 0.111 | Q67: 0.106 | R67: 0.115 | S67: 0.084 | T67: 0.132 | U67: 0.178 | V67: 0.28 | W67: 0.344 | X67: 0.104 | Y67: 0.119 | Z67: 0.106 | AA67: 0.103 | AB67: 750 | AD67: 0.109 | AE67: 0.106 | AF67: 0.123 | AG67: 0.1 | AH67: 0.114 | AI67: 0.151 | AJ67: 0.253 | AK67: 0.315 | AL67: 0.102 | AM67: 0.117 | AN67: 0.105 | AO67: 0.105 | AP67: 750
A68: E | B68: 0.106 | C68: 0.133 | D68: 0.148 | E68: 0.323 | F68: 0.418 | G68: 0.16 | H68: 0.159 | I68: 0.169 | J68: 0.432 | K68: 0.153 | L68: 0.142 | M68: 0.39 | N68: 490 | O68: E | P68: 0.095 | Q68: 0.13 | R68: 0.152 | S68: 0.283 | T68: 0.445 | U68: 0.16 | V68: 0.166 | W68: 0.163 | X68: 0.308 | Y68: 0.156 | Z68: 0.179 | AA68: 0.408 | AB68: 490 | AC68: E | AD68: 0.095 | AE68: 0.135 | AF68: 0.341 | AG68: 0.305 | AH68: 0.443 | AI68: 0.157 | AJ68: 0.164 | AK68: 0.775 | AL68: 0.328 | AM68: 0.15 | AN68: 0.141 | AO68: 0.369 | AP68: 490
B69: 0.073 | C69: 0.094 | D69: 0.107 | E69: 0.242 | F69: 0.094 | G69: 0.112 | H69: 0.111 | I69: 0.113 | J69: 0.178 | K69: 0.106 | L69: 0.104 | M69: 0.117 | N69: 750 | P69: 0.064 | Q69: 0.092 | R69: 0.11 | S69: 0.209 | T69: 0.1 | U69: 0.112 | V69: 0.115 | W69: 0.115 | X69: 0.143 | Y69: 0.107 | Z69: 0.118 | AA69: 0.119 | AB69: 750 | AD69: 0.064 | AE69: 0.094 | AF69: 0.158 | AG69: 0.212 | AH69: 0.098 | AI69: 0.109 | AJ69: 0.113 | AK69: 0.265 | AL69: 0.162 | AM69: 0.103 | AN69: 0.104 | AO69: 0.117 | AP69: 750
A70: F | B70: 0.143 | C70: 0.139 | D70: 0.171 | E70: 0.156 | F70: 0.282 | G70: 0.155 | H70: 0.146 | I70: 0.161 | J70: 0.264 | K70: 0.147 | L70: 0.147 | M70: 0.824 | N70: 490 | O70: F | P70: 0.365 | Q70: 0.14 | R70: 0.149 | S70: 0.154 | T70: 0.223 | U70: 0.178 | V70: 0.161 | W70: 0.153 | X70: 0.271 | Y70: 0.148 | Z70: 0.153 | AA70: 0.139 | AB70: 490 | AC70: F | AD70: 0.14 | AE70: 0.145 | AF70: 0.287 | AG70: 0.156 | AH70: 0.196 | AI70: 0.189 | AJ70: 0.19 | AK70: 0.143 | AL70: 0.267 | AM70: 0.335 | AN70: 0.14 | AO70: 0.145 | AP70: 490
B71: 0.101 | C71: 0.099 | D71: 0.116 | E71: 0.114 | F71: 0.118 | G71: 0.11 | H71: 0.107 | I71: 0.113 | J71: 0.1 | K71: 0.104 | L71: 0.106 | M71: 0.254 | N71: 750 | P71: 0.181 | Q71: 0.102 | R71: 0.108 | S71: 0.112 | T71: 0.109 | U71: 0.13 | V71: 0.114 | W71: 0.108 | X71: 0.11 | Y71: 0.107 | Z71: 0.109 | AA71: 0.098 | AB71: 750 | AD71: 0.098 | AE71: 0.105 | AF71: 0.155 | AG71: 0.113 | AH71: 0.109 | AI71: 0.108 | AJ71: 0.125 | AK71: 0.102 | AL71: 0.102 | AM71: 0.164 | AN71: 0.1 | AO71: 0.102 | AP71: 750
A72: G | B72: 0.201 | C72: 0.397 | D72: 0.309 | E72: 0.244 | F72: 0.118 | G72: 0.151 | H72: 0.141 | I72: 0.15 | J72: 0.217 | K72: 0.303 | L72: 0.128 | M72: 0.143 | N72: 490 | O72: G | P72: 0.14 | Q72: 0.159 | R72: 0.148 | S72: 0.286 | T72: 0.125 | U72: 0.15 | V72: 0.15 | W72: 0.198 | X72: 0.231 | Y72: 0.235 | Z72: 0.182 | AA72: 0.144 | AB72: 490 | AC72: G | AD72: 0.149 | AE72: 0.231 | AF72: 0.145 | AG72: 0.272 | AH72: 0.236 | AI72: 0.142 | AJ72: 0.139 | AK72: 0.194 | AL72: 0.194 | AM72: 0.217 | AN72: 0.122 | AO72: 0.183 | AP72: 490
B73: 0.123 | C73: 0.223 | D73: 0.157 | E73: 0.171 | F73: 0.083 | G73: 0.106 | H73: 0.098 | I73: 0.105 | J73: 0.127 | K73: 0.164 | L73: 0.087 | M73: 0.098 | N73: 750 | P73: 0.098 | Q73: 0.114 | R73: 0.11 | S73: 0.205 | T73: 0.088 | U73: 0.103 | V73: 0.106 | W73: 0.124 | X73: 0.13 | Y73: 0.136 | Z73: 0.105 | AA73: 0.099 | AB73: 750 | AD73: 0.104 | AE73: 0.141 | AF73: 0.106 | AG73: 0.187 | AH73: 0.13 | AI73: 0.098 | AJ73: 0.096 | AK73: 0.12 | AL73: 0.119 | AM73: 0.126 | AN73: 0.084 | AO73: 0.114 | AP73: 750
A74: H | B74: 0.422 | C74: 0.117 | D74: 0.154 | E74: 0.157 | F74: 0.144 | G74: 0.153 | H74: 0.156 | I74: 0.163 | J74: 1.07 | K74: 0.149 | L74: 0.17 | M74: 0.159 | N74: 490 | O74: H | P74: 0.359 | Q74: 0.13 | R74: 0.16 | S74: 0.147 | T74: 0.143 | U74: 0.15 | V74: 0.224 | W74: 0.156 | X74: 1.052 | Y74: 0.161 | Z74: 0.178 | AA74: 0.162 | AB74: 490 | AC74: H | AD74: 0.333 | AE74: 0.127 | AF74: 1.667 | AG74: 0.155 | AH74: 0.14 | AI74: 0.144 | AJ74: 0.15 | AK74: 0.196 | AL74: 1.103 | AM74: 0.201 | AN74: 0.161 | AO74: 0.15 | AP74: 490
B75: 0.249 | C75: 0.081 | D75: 0.108 | E75: 0.108 | F75: 0.102 | G75: 0.105 | H75: 0.106 | I75: 0.115 | J75: 0.403 | K75: 0.104 | L75: 0.098 | M75: 0.111 | N75: 750 | P75: 0.237 | Q75: 0.089 | R75: 0.106 | S75: 0.104 | T75: 0.102 | U75: 0.103 | V75: 0.125 | W75: 0.109 | X75: 0.373 | Y75: 0.109 | Z75: 0.106 | AA75: 0.114 | AB75: 750 | AD75: 0.22 | AE75: 0.087 | AF75: 0.635 | AG75: 0.108 | AH75: 0.098 | AI75: 0.1 | AJ75: 0.101 | AK75: 0.119 | AL75: 0.415 | AM75: 0.128 | AN75: 0.095 | AO75: 0.106 | AP75: 750
A77: PM2.1 | B77: t4 | O77: PM2.2 | P77: t4 | AC77: PM2.3 | AD77: t4 | AQ77: t3 | AR77: 2.abiotic | AS77: 72 h
B78: 1 | C78: 2 | D78: 3 | E78: 4 | F78: 5 | G78: 6 | H78: 7 | I78: 8 | J78: 9 | K78: 10 | L78: 11 | M78: 12 | P78: 1 | Q78: 2 | R78: 3 | S78: 4 | T78: 5 | U78: 6 | V78: 7 | W78: 8 | X78: 9 | Y78: 10 | Z78: 11 | AA78: 12 | AD78: 1 | AE78: 2 | AF78: 3 | AG78: 4 | AH78: 5 | AI78: 6 | AJ78: 7 | AK78: 8 | AL78: 9 | AM78: 10 | AN78: 11 | AO78: 12 | AR78: 1 | AS78: 2 | AT78: 3 | AU78: 4 | AV78: 5 | AW78: 6 | AX78: 7 | AY78: 8 | AZ78: 9 | BA78: 10 | BB78: 11 | BC78: 12
A79: A | B79: 0.149 | C79: 0.172 | D79: 0.196 | E79: 0.201 | F79: 0.14 | G79: 0.193 | H79: 0.13 | I79: 0.152 | J79: 0.153 | K79: 0.556 | L79: 0.189 | M79: 0.301 | N79: 490 | O79: A | P79: 0.147 | Q79: 0.136 | R79: 0.143 | S79: 0.16 | T79: 0.144 | U79: 0.198 | V79: 0.156 | W79: 0.156 | X79: 0.159 | Y79: 0.533 | Z79: 0.157 | AA79: 0.322 | AB79: 490 | AC79: A | AD79: 0.145 | AE79: 0.147 | AF79: 0.142 | AG79: 0.186 | AH79: 0.148 | AI79: 0.196 | AJ79: 0.152 | AK79: 0.248 | AL79: 0.184 | AM79: 0.504 | AN79: 0.157 | AO79: 0.312 | AP79: 490 | AQ79: A | AR79: 0.258 | AS79: 0.24 | AT79: 0.233 | AU79: 0.203 | AV79: 0.201 | AW79: 0.237 | AX79: 0.199 | AY79: 0.173 | AZ79: 0.131 | BA79: 0.157 | BB79: 0.177 | BC79: 0.177 | BD79: 490
B80: 0.102 | C80: 0.108 | D80: 0.121 | E80: 0.125 | F80: 0.1 | G80: 0.12 | H80: 0.088 | I80: 0.098 | J80: 0.107 | K80: 0.318 | L80: 0.113 | M80: 0.172 | N80: 750 | P80: 0.101 | Q80: 0.093 | R80: 0.101 | S80: 0.111 | T80: 0.103 | U80: 0.124 | V80: 0.106 | W80: 0.101 | X80: 0.112 | Y80: 0.307 | Z80: 0.106 | AA80: 0.18 | AB80: 750 | AD80: 0.1 | AE80: 0.1 | AF80: 0.1 | AG80: 0.122 | AH80: 0.104 | AI80: 0.122 | AJ80: 0.112 | AK80: 0.139 | AL80: 0.121 | AM80: 0.289 | AN80: 0.108 | AO80: 0.177 | AP80: 750 | AR80: 0.251 | AS80: 0.243 | AT80: 0.229 | AU80: 0.18 | AV80: 0.194 | AW80: 0.216 | AX80: 0.19 | AY80: 0.141 | AZ80: 0.064 | BA80: 0.139 | BB80: 0.167 | BC80: 0.069 | BD80: 750
A81: B | B81: 0.149 | C81: 0.136 | D81: 0.247 | E81: 0.336 | F81: 0.449 | G81: 0.758 | H81: 0.488 | I81: 0.167 | J81: 0.347 | K81: 0.812 | L81: 0.209 | M81: 0.139 | N81: 490 | O81: B | P81: 0.151 | Q81: 0.131 | R81: 0.22 | S81: 0.4 | T81: 0.462 | U81: 0.715 | V81: 0.537 | W81: 0.222 | X81: 0.41 | Y81: 0.718 | Z81: 0.44 | AA81: 0.141 | AB81: 490 | AC81: B | AD81: 0.151 | AE81: 0.136 | AF81: 0.198 | AG81: 0.362 | AH81: 0.372 | AI81: 0.686 | AJ81: 0.499 | AK81: 0.194 | AL81: 0.293 | AM81: 0.747 | AN81: 0.194 | AO81: 0.141 | AP81: 490 | AQ81: B | AR81: 0.255 | AS81: 0.236 | AT81: 0.261 | AU81: 0.168 | AV81: 0.418 | AW81: 0.233 | AX81: 0.244 | AY81: 0.159 | AZ81: 0.341 | BA81: 0.187 | BB81: 0.177 | BC81: 0.216 | BD81: 490
B82: 0.103 | C82: 0.095 | D82: 0.13 | E82: 0.208 | F82: 0.133 | G82: 0.374 | H82: 0.307 | I82: 0.111 | J82: 0.11 | K82: 0.488 | L82: 0.138 | M82: 0.089 | N82: 750 | P82: 0.103 | Q82: 0.091 | R82: 0.128 | S82: 0.239 | T82: 0.135 | U82: 0.356 | V82: 0.332 | W82: 0.149 | X82: 0.124 | Y82: 0.427 | Z82: 0.182 | AA82: 0.091 | AB82: 750 | AD82: 0.104 | AE82: 0.094 | AF82: 0.125 | AG82: 0.248 | AH82: 0.129 | AI82: 0.339 | AJ82: 0.324 | AK82: 0.112 | AL82: 0.103 | AM82: 0.451 | AN82: 0.134 | AO82: 0.092 | AP82: 750 | AR82: 0.257 | AS82: 0.247 | AT82: 0.233 | AU82: 0.161 | AV82: 0.205 | AW82: 0.236 | AX82: 0.251 | AY82: 0.15 | AZ82: 0.166 | BA82: 0.188 | BB82: 0.168 | BC82: 0.202 | BD82: 750
A83: C | B83: 0.269 | C83: 0.138 | D83: 0.152 | E83: 0.776 | F83: 0.236 | G83: 0.175 | H83: 0.16 | I83: 0.207 | J83: 0.159 | K83: 0.16 | L83: 0.156 | M83: 1.003 | N83: 490 | O83: C | P83: 0.16 | Q83: 0.147 | R83: 0.173 | S83: 0.849 | T83: 0.294 | U83: 0.159 | V83: 0.199 | W83: 0.21 | X83: 0.2 | Y83: 0.195 | Z83: 0.163 | AA83: 0.949 | AB83: 490 | AC83: C | AD83: 0.218 | AE83: 0.145 | AF83: 0.152 | AG83: 0.826 | AH83: 0.595 | AI83: 0.154 | AJ83: 0.162 | AK83: 0.184 | AL83: 0.157 | AM83: 0.213 | AN83: 0.153 | AO83: 0.992 | AP83: 490 | AQ83: C | AR83: 0.261 | AS83: 0.221 | AT83: 0.218 | AU83: 0.177 | AV83: 0.19 | AW83: 0.159 | AX83: 0.259 | AY83: 0.195 | AZ83: 0.178 | BA83: 0.131 | BB83: 0.138 | BC83: 0.229 | BD83: 490
B84: 0.134 | C84: 0.094 | D84: 0.106 | E84: 0.454 | F84: 0.16 | G84: 0.116 | H84: 0.11 | I84: 0.103 | J84: 0.111 | K84: 0.108 | L84: 0.111 | M84: 0.569 | N84: 750 | P84: 0.107 | Q84: 0.1 | R84: 0.114 | S84: 0.488 | T84: 0.195 | U84: 0.112 | V84: 0.114 | W84: 0.107 | X84: 0.139 | Y84: 0.105 | Z84: 0.114 | AA84: 0.517 | AB84: 750 | AD84: 0.112 | AE84: 0.1 | AF84: 0.106 | AG84: 0.498 | AH84: 0.364 | AI84: 0.109 | AJ84: 0.112 | AK84: 0.105 | AL84: 0.11 | AM84: 0.146 | AN84: 0.11 | AO84: 0.553 | AP84: 750 | AR84: 0.251 | AS84: 0.228 | AT84: 0.228 | AU84: 0.18 | AV84: 0.192 | AW84: 0.154 | AX84: 0.267 | AY84: 0.194 | AZ84: 0.181 | BA84: 0.135 | BB84: 0.138 | BC84: 0.165 | BD84: 750
A85: D | B85: 0.288 | C85: 0.145 | D85: 0.147 | E85: 0.15 | F85: 0.146 | G85: 0.296 | H85: 0.634 | I85: 0.651 | J85: 0.14 | K85: 1.69 | L85: 0.143 | M85: 0.141 | N85: 490 | O85: D | P85: 0.152 | Q85: 0.145 | R85: 0.217 | S85: 0.153 | T85: 0.213 | U85: 0.34 | V85: 0.686 | W85: 0.882 | X85: 0.172 | Y85: 0.159 | Z85: 0.145 | AA85: 0.14 | AB85: 490 | AC85: D | AD85: 0.37 | AE85: 0.146 | AF85: 0.181 | AG85: 0.165 | AH85: 0.159 | AI85: 0.267 | AJ85: 0.738 | AK85: 0.829 | AL85: 0.144 | AM85: 0.164 | AN85: 0.141 | AO85: 0.14 | AP85: 490 | AQ85: D | AR85: 0.123 | AS85: 0.209 | AT85: 0.197 | AU85: 0.192 | AV85: 0.156 | AW85: 0.225 | AX85: 0.274 | AY85: 0.199 | AZ85: 0.191 | BA85: 0.186 | BB85: 0.181 | BC85: 0.198 | BD85: 490
B86: 0.16 | C86: 0.103 | D86: 0.102 | E86: 0.08 | F86: 0.102 | G86: 0.149 | H86: 0.281 | I86: 0.317 | J86: 0.095 | K86: 0.598 | L86: 0.1 | M86: 0.098 | N86: 750 | P86: 0.103 | Q86: 0.102 | R86: 0.12 | S86: 0.08 | T86: 0.133 | U86: 0.151 | V86: 0.307 | W86: 0.5 | X86: 0.097 | Y86: 0.113 | Z86: 0.101 | AA86: 0.097 | AB86: 750 | AD86: 0.208 | AE86: 0.102 | AF86: 0.118 | AG86: 0.102 | AH86: 0.111 | AI86: 0.15 | AJ86: 0.341 | AK86: 0.429 | AL86: 0.098 | AM86: 0.117 | AN86: 0.1 | AO86: 0.098 | AP86: 750 | AR86: 0.094 | AS86: 0.221 | AT86: 0.201 | AU86: 0.159 | AV86: 0.152 | AW86: 0.158 | AX86: 0.277 | AY86: 0.199 | AZ86: 0.197 | BA86: 0.193 | BB86: 0.184 | BC86: 0.178 | BD86: 750
A87: E | B87: 0.106 | C87: 0.132 | D87: 0.144 | E87: 0.29 | F87: 0.435 | G87: 0.157 | H87: 0.155 | I87: 1.151 | J87: 0.889 | K87: 0.151 | L87: 0.138 | M87: 0.432 | N87: 490 | O87: E | P87: 0.1 | Q87: 0.13 | R87: 0.148 | S87: 0.291 | T87: 0.459 | U87: 0.187 | V87: 0.162 | W87: 0.191 | X87: 0.662 | Y87: 0.153 | Z87: 0.169 | AA87: 0.458 | AB87: 490 | AC87: E | AD87: 0.09 | AE87: 0.133 | AF87: 0.454 | AG87: 0.294 | AH87: 0.468 | AI87: 0.153 | AJ87: 0.159 | AK87: 1.372 | AL87: 0.664 | AM87: 0.19 | AN87: 0.141 | AO87: 0.419 | AP87: 490 | AQ87: E | AR87: 0.255 | AS87: 0.231 | AT87: 0.15 | AU87: 0.318 | AV87: 0.43 | AW87: 0.148 | AX87: 0.261 | AY87: 0.153 | AZ87: 0.231 | BA87: 0.198 | BB87: 0.207 | BC87: 0.463 | BD87: 490
B88: 0.072 | C88: 0.092 | D88: 0.102 | E88: 0.212 | F88: 0.091 | G88: 0.106 | H88: 0.106 | I88: 0.324 | J88: 0.302 | K88: 0.101 | L88: 0.099 | M88: 0.114 | N88: 750 | P88: 0.065 | Q88: 0.09 | R88: 0.106 | S88: 0.215 | T88: 0.097 | U88: 0.107 | V88: 0.109 | W88: 0.133 | X88: 0.203 | Y88: 0.101 | Z88: 0.11 | AA88: 0.116 | AB88: 750 | AD88: 0.06 | AE88: 0.092 | AF88: 0.159 | AG88: 0.205 | AH88: 0.096 | AI88: 0.104 | AJ88: 0.108 | AK88: 0.495 | AL88: 0.233 | AM88: 0.126 | AN88: 0.102 | AO88: 0.115 | AP88: 750 | AR88: 0.248 | AS88: 0.241 | AT88: 0.155 | AU88: 0.274 | AV88: 0.181 | AW88: 0.144 | AX88: 0.235 | AY88: 0.15 | AZ88: 0.237 | BA88: 0.189 | BB88: 0.222 | BC88: 0.19 | BD88: 750
A89: F | B89: 0.137 | C89: 0.136 | D89: 0.166 | E89: 0.152 | F89: 0.281 | G89: 0.15 | H89: 0.163 | I89: 0.156 | J89: 0.282 | K89: 0.143 | L89: 0.142 | M89: 0.638 | N89: 490 | O89: F | P89: 0.402 | Q89: 0.136 | R89: 0.146 | S89: 0.149 | T89: 0.319 | U89: 0.177 | V89: 0.154 | W89: 0.181 | X89: 0.317 | Y89: 0.144 | Z89: 0.148 | AA89: 0.135 | AB89: 490 | AC89: F | AD89: 0.136 | AE89: 0.141 | AF89: 0.248 | AG89: 0.189 | AH89: 0.2 | AI89: 0.18 | AJ89: 0.183 | AK89: 0.139 | AL89: 0.285 | AM89: 0.629 | AN89: 0.136 | AO89: 0.139 | AP89: 490 | AQ89: F | AR89: 0.203 | AS89: 0.196 | AT89: 0.192 | AU89: 0.201 | AV89: 0.198 | AW89: 0.225 | AX89: 0.189 | AY89: 0.246 | AZ89: 0.392 | BA89: 0.196 | BB89: 0.22 | BC89: 0.226 | BD89: 490
B90: 0.095 | C90: 0.095 | D90: 0.109 | E90: 0.108 | F90: 0.109 | G90: 0.103 | H90: 0.108 | I90: 0.107 | J90: 0.095 | K90: 0.099 | L90: 0.098 | M90: 0.183 | N90: 750 | P90: 0.187 | Q90: 0.097 | R90: 0.103 | S90: 0.106 | T90: 0.122 | U90: 0.119 | V90: 0.108 | W90: 0.127 | X90: 0.128 | Y90: 0.1 | Z90: 0.102 | AA90: 0.091 | AB90: 750 | AD90: 0.093 | AE90: 0.1 | AF90: 0.133 | AG90: 0.116 | AH90: 0.103 | AI90: 0.104 | AJ90: 0.119 | AK90: 0.097 | AL90: 0.098 | AM90: 0.21 | AN90: 0.095 | AO90: 0.095 | AP90: 750 | AR90: 0.203 | AS90: 0.204 | AT90: 0.195 | AU90: 0.203 | AV90: 0.151 | AW90: 0.228 | AX90: 0.188 | AY90: 0.255 | AZ90: 0.239 | BA90: 0.21 | BB90: 0.234 | BC90: 0.21 | BD90: 750
A91: G | B91: 0.235 | C91: 0.593 | D91: 0.564 | E91: 0.239 | F91: 0.117 | G91: 0.149 | H91: 0.137 | I91: 0.147 | J91: 0.273 | K91: 0.453 | L91: 0.125 | M91: 0.139 | N91: 490 | O91: G | P91: 0.135 | Q91: 0.23 | R91: 0.143 | S91: 0.277 | T91: 0.122 | U91: 0.148 | V91: 0.139 | W91: 0.185 | X91: 0.348 | Y91: 0.403 | Z91: 0.169 | AA91: 0.142 | AB91: 490 | AC91: G | AD91: 0.142 | AE91: 0.296 | AF91: 0.141 | AG91: 0.255 | AH91: 0.247 | AI91: 0.141 | AJ91: 0.137 | AK91: 0.196 | AL91: 0.245 | AM91: 0.277 | AN91: 0.122 | AO91: 0.169 | AP91: 490 | AQ91: G | AR91: 0.103 | AS91: 0.229 | AT91: 0.2 | AU91: 0.2 | AV91: 0.196 | AW91: 0.265 | AX91: 0.22 | AY91: 0.16 | AZ91: 0.234 | BA91: 0.247 | BB91: 0.222 | BC91: 0.245 | BD91: 490
B92: 0.131 | C92: 0.258 | D92: 0.186 | E92: 0.162 | F92: 0.08 | G92: 0.1 | H92: 0.093 | I92: 0.101 | J92: 0.119 | K92: 0.186 | L92: 0.084 | M92: 0.093 | N92: 750 | P92: 0.093 | Q92: 0.125 | R92: 0.103 | S92: 0.193 | T92: 0.083 | U92: 0.099 | V92: 0.093 | W92: 0.114 | X92: 0.168 | Y92: 0.171 | Z92: 0.096 | AA92: 0.094 | AB92: 750 | AD92: 0.098 | AE92: 0.155 | AF92: 0.102 | AG92: 0.174 | AH92: 0.135 | AI92: 0.095 | AJ92: 0.093 | AK92: 0.117 | AL92: 0.134 | AM92: 0.141 | AN92: 0.082 | AO92: 0.104 | AP92: 750 | AR92: 0.09 | AS92: 0.241 | AT92: 0.214 | AU92: 0.207 | AV92: 0.202 | AW92: 0.264 | AX92: 0.221 | AY92: 0.167 | AZ92: 0.249 | BA92: 0.254 | BB92: 0.23 | BC92: 0.24 | BD92: 750
A93: H | B93: 0.603 | C93: 0.115 | D93: 0.147 | E93: 0.284 | F93: 0.139 | G93: 0.167 | H93: 0.154 | I93: 0.155 | J93: 1.082 | K93: 0.144 | L93: 0.175 | M93: 0.151 | N93: 490 | O93: H | P93: 0.361 | Q93: 0.13 | R93: 1.415 | S93: 0.141 | T93: 0.137 | U93: 0.144 | V93: 0.214 | W93: 0.15 | X93: 1.056 | Y93: 0.204 | Z93: 0.183 | AA93: 0.151 | AB93: 490 | AC93: H | AD93: 0.359 | AE93: 0.125 | AF93: 1.617 | AG93: 0.255 | AH93: 0.135 | AI93: 0.14 | AJ93: 0.145 | AK93: 0.208 | AL93: 1.105 | AM93: 0.196 | AN93: 0.168 | AO93: 0.148 | AP93: 490 | AQ93: H | AR93: 0.257 | AS93: 0.267 | AT93: 0.267 | AU93: 0.218 | AV93: 0.261 | AW93: 0.285 | AX93: 0.167 | AY93: 0.276 | AZ93: 0.657 | BA93: 0.226 | BB93: 0.337 | BC93: 0.279 | BD93: 490
B94: 0.292 | C94: 0.078 | D94: 0.101 | E94: 0.135 | F94: 0.096 | G94: 0.102 | H94: 0.103 | I94: 0.106 | J94: 0.391 | K94: 0.099 | L94: 0.093 | M94: 0.102 | N94: 750 | P94: 0.234 | Q94: 0.088 | R94: 0.451 | S94: 0.097 | T94: 0.095 | U94: 0.097 | V94: 0.117 | W94: 0.102 | X94: 0.358 | Y94: 0.12 | Z94: 0.102 | AA94: 0.103 | AB94: 750 | AD94: 0.224 | AE94: 0.084 | AF94: 0.557 | AG94: 0.135 | AH94: 0.093 | AI94: 0.094 | AJ94: 0.095 | AK94: 0.12 | AL94: 0.397 | AM94: 0.126 | AN94: 0.092 | AO94: 0.103 | AP94: 750 | AR94: 0.252 | AS94: 0.265 | AT94: 0.278 | AU94: 0.219 | AV94: 0.26 | AW94: 0.284 | AX94: 0.16 | AY94: 0.276 | AZ94: 0.257 | BA94: 0.222 | BB94: 0.299 | BC94: 0.27 | BD94: 750

Sheet Steigung
B1: PM2A.1 | O1: PM2.2 | AB1: PM2.3
B2: t0 | C2: - | D2: t1 | O2: t0 | P2: - | Q2: t1 | AB2: t0 | AC2: - | AD2: t1
B3: =Rohdaten!B22-Rohdaten!B3 -> 0.046 | C3: =Rohdaten!C22-Rohdaten!C3 -> 0.044 | D3: =Rohdaten!D22-Rohdaten!D3 -> 0.066 | E3: =Rohdaten!E22-Rohdaten!E3 -> 0.049 | F3: =Rohdaten!F22-Rohdaten!F3 -> 0.04 | G3: =Rohdaten!G22-Rohdaten!G3 -> 0.079 | H3: =Rohdaten!H22-Rohdaten!H3 -> -0.003 | I3: =Rohdaten!I22-Rohdaten!I3 -> 0.037 | ... M3: =Rohdaten!M22-Rohdaten!M3 -> 0.155 | O3: =Rohdaten!P22-Rohdaten!B3 -> 0.044 | P3: =Rohdaten!Q22-Rohdaten!C3 -> 0.04 | Q3: =Rohdaten!R22-Rohdaten!D3 -> 0.042 | R3: =Rohdaten!S22-Rohdaten!E3 -> 0.051 | S3: =Rohdaten!T22-Rohdaten!F3 -> 0.048 | T3: =Rohdaten!U22-Rohdaten!G3 -> 0.078 | U3: =Rohdaten!V22-Rohdaten!H3 -> 0.028 | V3: =Rohdaten!W22-Rohdaten!I3 -> 0.042 | ... Z3: =Rohdaten!AA22-Rohdaten!M3 -> 0.138 | AB3: =Rohdaten!AD22-Rohdaten!B3 -> 0.044 | AC3: =Rohdaten!AE22-Rohdaten!C3 -> 0.055 | AD3: =Rohdaten!AF22-Rohdaten!D3 -> 0.042 | AE3: =Rohdaten!AG22-Rohdaten!E3 -> 0.049 | AF3: =Rohdaten!AH22-Rohdaten!F3 -> 0.051 | AG3: =Rohdaten!AI22-Rohdaten!G3 -> 0.084 | AH3: =Rohdaten!AJ22-Rohdaten!H3 -> 0.019 | AI3: =Rohdaten!AK22-Rohdaten!I3 -> 0.033 | ... AM3: =Rohdaten!AO22-Rohdaten!M3 -> 0.146 | AO3: =(AB3+O3+B3)/3 -> 0.044666667
B4: =Rohdaten!B23-Rohdaten!B4 -> 0.029 | C4: =Rohdaten!C23-Rohdaten!C4 -> 0.025 | D4: =Rohdaten!D23-Rohdaten!D4 -> 0.043 | E4: =Rohdaten!E23-Rohdaten!E4 -> 0.031 | F4: =Rohdaten!F23-Rohdaten!F4 -> 0.029 | G4: =Rohdaten!G23-Rohdaten!G4 -> 0.05 | H4: =Rohdaten!H23-Rohdaten!H4 -> -0.017 | I4: =Rohdaten!I23-Rohdaten!I4 -> 0.017 | ... M4: =Rohdaten!M23-Rohdaten!M4 -> 0.088 | O4: =Rohdaten!P23-Rohdaten!B4 -> 0.027 | P4: =Rohdaten!Q23-Rohdaten!C4 -> 0.023 | Q4: =Rohdaten!R23-Rohdaten!D4 -> 0.028 | R4: =Rohdaten!S23-Rohdaten!E4 -> 0.033 | S4: =Rohdaten!T23-Rohdaten!F4 -> 0.035 | T4: =Rohdaten!U23-Rohdaten!G4 -> 0.05 | U4: =Rohdaten!V23-Rohdaten!H4 -> 0.006 | V4: =Rohdaten!W23-Rohdaten!I4 -> 0.022 | ... Z4: =Rohdaten!AA23-Rohdaten!M4 -> 0.08 | AB4: =Rohdaten!AD23-Rohdaten!B4 -> 0.026 | AC4: =Rohdaten!AE23-Rohdaten!C4 -> 0.031 | AD4: =Rohdaten!AF23-Rohdaten!D4 -> 0.029 | AE4: =Rohdaten!AG23-Rohdaten!E4 -> 0.032 | AF4: =Rohdaten!AH23-Rohdaten!F4 -> 0.035 | AG4: =Rohdaten!AI23-Rohdaten!G4 -> 0.054 | AH4: =Rohdaten!AJ23-Rohdaten!H4 -> -0.002 | AI4: =Rohdaten!AK23-Rohdaten!I4 -> 0.018 | ... AM4: =Rohdaten!AO23-Rohdaten!M4 -> 0.081 | AO4: =_xlfn.STDEV.P(AB3+O3+B3) -> 0
B5: =Rohdaten!B24-Rohdaten!B5 -> 0.046 | C5: =Rohdaten!C24-Rohdaten!C5 -> 0.033 | D5: =Rohdaten!D24-Rohdaten!D5 -> 0.065 | E5: =Rohdaten!E24-Rohdaten!E5 -> 0.155 | F5: =Rohdaten!F24-Rohdaten!F5 -> 0.2 | G5: =Rohdaten!G24-Rohdaten!G5 -> 0.25 | H5: =Rohdaten!H24-Rohdaten!H5 -> 0.248 | I5: =Rohdaten!I24-Rohdaten!I5 -> 0.054 | ... M5: =Rohdaten!M24-Rohdaten!M5 -> 0.023 | O5: =Rohdaten!P24-Rohdaten!B5 -> 0.045 | P5: =Rohdaten!Q24-Rohdaten!C5 -> 0.025 | Q5: =Rohdaten!R24-Rohdaten!D5 -> 0.07 | R5: =Rohdaten!S24-Rohdaten!E5 -> 0.147 | S5: =Rohdaten!T24-Rohdaten!F5 -> 0.216 | T5: =Rohdaten!U24-Rohdaten!G5 -> 0.188 | U5: =Rohdaten!V24-Rohdaten!H5 -> 0.207 | V5: =Rohdaten!W24-Rohdaten!I5 -> 0.059 | ... Z5: =Rohdaten!AA24-Rohdaten!M5 -> 0.025 | AB5: =Rohdaten!AD24-Rohdaten!B5 -> 0.048 | AC5: =Rohdaten!AE24-Rohdaten!C5 -> 0.033 | AD5: =Rohdaten!AF24-Rohdaten!D5 -> 0.059 | AE5: =Rohdaten!AG24-Rohdaten!E5 -> 0.154 | AF5: =Rohdaten!AH24-Rohdaten!F5 -> 0.143 | AG5: =Rohdaten!AI24-Rohdaten!G5 -> 0.211 | AH5: =Rohdaten!AJ24-Rohdaten!H5 -> 0.245 | AI5: =Rohdaten!AK24-Rohdaten!I5 -> 0.051 | ... AM5: =Rohdaten!AO24-Rohdaten!M5 -> 0.026
B6: =Rohdaten!B25-Rohdaten!B6 -> 0.029 | C6: =Rohdaten!C25-Rohdaten!C6 -> 0.019 | D6: =Rohdaten!D25-Rohdaten!D6 -> 0.029 | E6: =Rohdaten!E25-Rohdaten!E6 -> 0.102 | F6: =Rohdaten!F25-Rohdaten!F6 -> 0.042 | G6: =Rohdaten!G25-Rohdaten!G6 -> 0.129 | H6: =Rohdaten!H25-Rohdaten!H6 -> 0.164 | I6: =Rohdaten!I25-Rohdaten!I6 -> 0.033 | ... M6: =Rohdaten!M25-Rohdaten!M6 -> 0.008 | O6: =Rohdaten!P25-Rohdaten!B6 -> 0.028 | P6: =Rohdaten!Q25-Rohdaten!C6 -> 0.013 | Q6: =Rohdaten!R25-Rohdaten!D6 -> 0.033 | R6: =Rohdaten!S25-Rohdaten!E6 -> 0.1 | S6: =Rohdaten!T25-Rohdaten!F6 -> 0.044 | T6: =Rohdaten!U25-Rohdaten!G6 -> 0.096 | U6: =Rohdaten!V25-Rohdaten!H6 -> 0.14 | V6: =Rohdaten!W25-Rohdaten!I6 -> 0.038 | ... Z6: =Rohdaten!AA25-Rohdaten!M6 -> 0.009 | AB6: =Rohdaten!AD25-Rohdaten!B6 -> 0.03 | AC6: =Rohdaten!AE25-Rohdaten!C6 -> 0.018 | AD6: =Rohdaten!AF25-Rohdaten!D6 -> 0.032 | AE6: =Rohdaten!AG25-Rohdaten!E6 -> 0.104 | AF6: =Rohdaten!AH25-Rohdaten!F6 -> 0.044 | AG6: =Rohdaten!AI25-Rohdaten!G6 -> 0.111 | AH6: =Rohdaten!AJ25-Rohdaten!H6 -> 0.165 | AI6: =Rohdaten!AK25-Rohdaten!I6 -> 0.032 | ... AM6: =Rohdaten!AO25-Rohdaten!M6 -> 0.011
B7: =Rohdaten!B26-Rohdaten!B7 -> 0.056 | C7: =Rohdaten!C26-Rohdaten!C7 -> 0.037 | D7: =Rohdaten!D26-Rohdaten!D7 -> 0.051 | E7: =Rohdaten!E26-Rohdaten!E7 -> 0.243 | F7: =Rohdaten!F26-Rohdaten!F7 -> 0.086 | G7: =Rohdaten!G26-Rohdaten!G7 -> 0.057 | H7: =Rohdaten!H26-Rohdaten!H7 -> 0.056 | I7: =Rohdaten!I26-Rohdaten!I7 -> 0.048 | ... M7: =Rohdaten!M26-Rohdaten!M7 -> 0.554 | O7: =Rohdaten!P26-Rohdaten!B7 -> 0.055 | P7: =Rohdaten!Q26-Rohdaten!C7 -> 0.042 | Q7: =Rohdaten!R26-Rohdaten!D7 -> 0.054 | R7: =Rohdaten!S26-Rohdaten!E7 -> 0.238 | S7: =Rohdaten!T26-Rohdaten!F7 -> 0.099 | T7: =Rohdaten!U26-Rohdaten!G7 -> 0.056 | U7: =Rohdaten!V26-Rohdaten!H7 -> 0.061 | V7: =Rohdaten!W26-Rohdaten!I7 -> 0.049 | ... Z7: =Rohdaten!AA26-Rohdaten!M7 -> 0.478 | AB7: =Rohdaten!AD26-Rohdaten!B7 -> 0.043 | AC7: =Rohdaten!AE26-Rohdaten!C7 -> 0.046 | AD7: =Rohdaten!AF26-Rohdaten!D7 -> 0.05 | AE7: =Rohdaten!AG26-Rohdaten!E7 -> 0.257 | AF7: =Rohdaten!AH26-Rohdaten!F7 -> 0.103 | AG7: =Rohdaten!AI26-Rohdaten!G7 -> 0.049 | AH7: =Rohdaten!AJ26-Rohdaten!H7 -> 0.059 | AI7: =Rohdaten!AK26-Rohdaten!I7 -> 0.04 | ... AM7: =Rohdaten!AO26-Rohdaten!M7 -> 0.456
B8: =Rohdaten!B27-Rohdaten!B8 -> 0.036 | C8: =Rohdaten!C27-Rohdaten!C8 -> 0.022 | D8: =Rohdaten!D27-Rohdaten!D8 -> 0.033 | E8: =Rohdaten!E27-Rohdaten!E8 -> 0.136 | F8: =Rohdaten!F27-Rohdaten!F8 -> 0.059 | G8: =Rohdaten!G27-Rohdaten!G8 -> 0.036 | H8: =Rohdaten!H27-Rohdaten!H8 -> 0.037 | I8: =Rohdaten!I27-Rohdaten!I8 -> 0.027 | ... M8: =Rohdaten!M27-Rohdaten!M8 -> 0.278 | O8: =Rohdaten!P27-Rohdaten!B8 -> 0.035 | P8: =Rohdaten!Q27-Rohdaten!C8 -> 0.025 | Q8: =Rohdaten!R27-Rohdaten!D8 -> 0.036 | R8: =Rohdaten!S27-Rohdaten!E8 -> 0.134 | S8: =Rohdaten!T27-Rohdaten!F8 -> 0.068 | T8: =Rohdaten!U27-Rohdaten!G8 -> 0.037 | U8: =Rohdaten!V27-Rohdaten!H8 -> 0.041 | V8: =Rohdaten!W27-Rohdaten!I8 -> 0.029 | ... Z8: =Rohdaten!AA27-Rohdaten!M8 -> 0.221 | AB8: =Rohdaten!AD27-Rohdaten!B8 -> 0.027 | AC8: =Rohdaten!AE27-Rohdaten!C8 -> 0.028 | AD8: =Rohdaten!AF27-Rohdaten!D8 -> 0.033 | AE8: =Rohdaten!AG27-Rohdaten!E8 -> 0.147 | AF8: =Rohdaten!AH27-Rohdaten!F8 -> 0.069 | AG8: =Rohdaten!AI27-Rohdaten!G8 -> 0.033 | AH8: =Rohdaten!AJ27-Rohdaten!H8 -> 0.038 | AI8: =Rohdaten!AK27-Rohdaten!I8 -> 0.024 | ... AM8: =Rohdaten!AO27-Rohdaten!M8 -> 0.218
B9: =Rohdaten!B28-Rohdaten!B9 -> 0.059 | C9: =Rohdaten!C28-Rohdaten!C9 -> 0.042 | D9: =Rohdaten!D28-Rohdaten!D9 -> 0.044 | E9: =Rohdaten!E28-Rohdaten!E9 -> 0.023 | F9: =Rohdaten!F28-Rohdaten!F9 -> 0.05 | G9: =Rohdaten!G28-Rohdaten!G9 -> -0.194 | H9: =Rohdaten!H28-Rohdaten!H9 -> 0.303 | I9: =Rohdaten!I28-Rohdaten!I9 -> 0.199 | ... M9: =Rohdaten!M28-Rohdaten!M9 -> 0.046 | O9: =Rohdaten!P28-Rohdaten!B9 -> 0.061 | P9: =Rohdaten!Q28-Rohdaten!C9 -> 0.046 | Q9: =Rohdaten!R28-Rohdaten!D9 -> 0.049 | R9: =Rohdaten!S28-Rohdaten!E9 -> 0.025 | S9: =Rohdaten!T28-Rohdaten!F9 -> 0.06 | T9: =Rohdaten!U28-Rohdaten!G9 -> -0.188 | U9: =Rohdaten!V28-Rohdaten!H9 -> 0.326 | V9: =Rohdaten!W28-Rohdaten!I9 -> 0.189 | ... Z9: =Rohdaten!AA28-Rohdaten!M9 -> 0.039 | AB9: =Rohdaten!AD28-Rohdaten!B9 -> 0.059 | AC9: =Rohdaten!AE28-Rohdaten!C9 -> 0.048 | AD9: =Rohdaten!AF28-Rohdaten!D9 -> 0.052 | AE9: =Rohdaten!AG28-Rohdaten!E9 -> 0.015 | AF9: =Rohdaten!AH28-Rohdaten!F9 -> 0.065 | AG9: =Rohdaten!AI28-Rohdaten!G9 -> -0.216 | AH9: =Rohdaten!AJ28-Rohdaten!H9 -> 0.344 | AI9: =Rohdaten!AK28-Rohdaten!I9 -> 0.21 | ... AM9: =Rohdaten!AO28-Rohdaten!M9 -> 0.043
B10: =Rohdaten!B29-Rohdaten!B10 -> 0.038 | C10: =Rohdaten!C29-Rohdaten!C10 -> 0.026 | D10: =Rohdaten!D29-Rohdaten!D10 -> 0.028 | E10: =Rohdaten!E29-Rohdaten!E10 -> -0.005 | F10: =Rohdaten!F29-Rohdaten!F10 -> 0.032 | G10: =Rohdaten!G29-Rohdaten!G10 -> 0.051 | H10: =Rohdaten!H29-Rohdaten!H10 -> 0.1 | I10: =Rohdaten!I29-Rohdaten!I10 -> 0.121 | ... M10: =Rohdaten!M29-Rohdaten!M10 -> 0.029 | O10: =Rohdaten!P29-Rohdaten!B10 -> 0.039 | P10: =Rohdaten!Q29-Rohdaten!C10 -> 0.03 | Q10: =Rohdaten!R29-Rohdaten!D10 -> 0.032 | R10: =Rohdaten!S29-Rohdaten!E10 -> -0.004 | S10: =Rohdaten!T29-Rohdaten!F10 -> 0.039 | T10: =Rohdaten!U29-Rohdaten!G10 -> 0.055 | U10: =Rohdaten!V29-Rohdaten!H10 -> 0.101 | V10: =Rohdaten!W29-Rohdaten!I10 -> 0.12 | ... Z10: =Rohdaten!AA29-Rohdaten!M10 -> 0.025 | AB10: =Rohdaten!AD29-Rohdaten!B10 -> 0.037 | AC10: =Rohdaten!AE29-Rohdaten!C10 -> 0.029 | AD10: =Rohdaten!AF29-Rohdaten!D10 -> 0.033 | AE10: =Rohdaten!AG29-Rohdaten!E10 -> -0.007 | AF10: =Rohdaten!AH29-Rohdaten!F10 -> 0.041 | AG10: =Rohdaten!AI29-Rohdaten!G10 -> 0.053 | AH10: =Rohdaten!AJ29-Rohdaten!H10 -> 0.116 | AI10: =Rohdaten!AK29-Rohdaten!I10 -> 0.129 | ... AM10: =Rohdaten!AO29-Rohdaten!M10 -> 0.027
B11: =Rohdaten!B30-Rohdaten!B11 -> -0.038 | C11: =Rohdaten!C30-Rohdaten!C11 -> 0.025 | D11: =Rohdaten!D30-Rohdaten!D11 -> 0.041 | E11: =Rohdaten!E30-Rohdaten!E11 -> 0.16 | F11: =Rohdaten!F30-Rohdaten!F11 -> 0.242 | G11: =Rohdaten!G30-Rohdaten!G11 -> 0.048 | H11: =Rohdaten!H30-Rohdaten!H11 -> 0.044 | I11: =Rohdaten!I30-Rohdaten!I11 -> 0.049 | ... M11: =Rohdaten!M30-Rohdaten!M11 -> 0.175 | O11: =Rohdaten!P30-Rohdaten!B11 -> -0.044 | P11: =Rohdaten!Q30-Rohdaten!C11 -> 0.02 | Q11: =Rohdaten!R30-Rohdaten!D11 -> 0.046 | R11: =Rohdaten!S30-Rohdaten!E11 -> 0.151 | S11: =Rohdaten!T30-Rohdaten!F11 -> 0.27 | T11: =Rohdaten!U30-Rohdaten!G11 -> 0.048 | U11: =Rohdaten!V30-Rohdaten!H11 -> 0.051 | V11: =Rohdaten!W30-Rohdaten!I11 -> 0.056 | ... Z11: =Rohdaten!AA30-Rohdaten!M11 -> 0.191 | AB11: =Rohdaten!AD30-Rohdaten!B11 -> -0.044 | AC11: =Rohdaten!AE30-Rohdaten!C11 -> 0.027 | AD11: =Rohdaten!AF30-Rohdaten!D11 -> 0.041 | AE11: =Rohdaten!AG30-Rohdaten!E11 -> 0.136 | AF11: =Rohdaten!AH30-Rohdaten!F11 -> 0.239 | AG11: =Rohdaten!AI30-Rohdaten!G11 -> 0.046 | AH11: =Rohdaten!AJ30-Rohdaten!H11 -> 0.05 | AI11: =Rohdaten!AK30-Rohdaten!I11 -> 0.043 | ... AM11: =Rohdaten!AO30-Rohdaten!M11 -> 0.157
B12: =Rohdaten!B31-Rohdaten!B12 -> -0.045 | C12: =Rohdaten!C31-Rohdaten!C12 -> 0.01 | D12: =Rohdaten!D31-Rohdaten!D12 -> 0.025 | E12: =Rohdaten!E31-Rohdaten!E12 -> 0.114 | F12: =Rohdaten!F31-Rohdaten!F12 -> 0.012 | G12: =Rohdaten!G31-Rohdaten!G12 -> 0.03 | H12: =Rohdaten!H31-Rohdaten!H12 -> 0.03 | I12: =Rohdaten!I31-Rohdaten!I12 -> 0.033 | ... M12: =Rohdaten!M31-Rohdaten!M12 -> 0.032 | O12: =Rohdaten!P31-Rohdaten!B12 -> -0.05 | P12: =Rohdaten!Q31-Rohdaten!C12 -> 0.009 | Q12: =Rohdaten!R31-Rohdaten!D12 -> 0.03 | R12: =Rohdaten!S31-Rohdaten!E12 -> 0.108 | S12: =Rohdaten!T31-Rohdaten!F12 -> 0.018 | T12: =Rohdaten!U31-Rohdaten!G12 -> 0.031 | U12: =Rohdaten!V31-Rohdaten!H12 -> 0.035 | V12: =Rohdaten!W31-Rohdaten!I12 -> 0.039 | ... Z12: =Rohdaten!AA31-Rohdaten!M12 -> 0.033 | AB12: =Rohdaten!AD31-Rohdaten!B12 -> -0.05 | AC12: =Rohdaten!AE31-Rohdaten!C12 -> 0.011 | AD12: =Rohdaten!AF31-Rohdaten!D12 -> 0.026 | AE12: =Rohdaten!AG31-Rohdaten!E12 -> 0.097 | AF12: =Rohdaten!AH31-Rohdaten!F12 -> 0.017 | AG12: =Rohdaten!AI31-Rohdaten!G12 -> 0.029 | AH12: =Rohdaten!AJ31-Rohdaten!H12 -> 0.032 | AI12: =Rohdaten!AK31-Rohdaten!I12 -> 0.029 | ... AM12: =Rohdaten!AO31-Rohdaten!M12 -> 0.032
B13: =Rohdaten!B32-Rohdaten!B13 -> 0.037 | C13: =Rohdaten!C32-Rohdaten!C13 -> 0.034 | D13: =Rohdaten!D32-Rohdaten!D13 -> 0.027 | E13: =Rohdaten!E32-Rohdaten!E13 -> 0.043 | F13: =Rohdaten!F32-Rohdaten!F13 -> 0.068 | G13: =Rohdaten!G32-Rohdaten!G13 -> 0.042 | H13: =Rohdaten!H32-Rohdaten!H13 -> 0.041 | I13: =Rohdaten!I32-Rohdaten!I13 -> 0.046 | ... M13: =Rohdaten!M32-Rohdaten!M13 -> 0.017 | O13: =Rohdaten!P32-Rohdaten!B13 -> 0.048 | P13: =Rohdaten!Q32-Rohdaten!C13 -> 0.037 | Q13: =Rohdaten!R32-Rohdaten!D13 -> 0.007 | R13: =Rohdaten!S32-Rohdaten!E13 -> 0.039 | S13: =Rohdaten!T32-Rohdaten!F13 -> 0.074 | T13: =Rohdaten!U32-Rohdaten!G13 -> 0.039 | U13: =Rohdaten!V32-Rohdaten!H13 -> 0.06 | V13: =Rohdaten!W32-Rohdaten!I13 -> 0.036 | ... Z13: =Rohdaten!AA32-Rohdaten!M13 -> 0.005 | AB13: =Rohdaten!AD32-Rohdaten!B13 -> 0.034 | AC13: =Rohdaten!AE32-Rohdaten!C13 -> 0.043 | AD13: =Rohdaten!AF32-Rohdaten!D13 -> 0.014 | AE13: =Rohdaten!AG32-Rohdaten!E13 -> 0.038 | AF13: =Rohdaten!AH32-Rohdaten!F13 -> 0.077 | AG13: =Rohdaten!AI32-Rohdaten!G13 -> 0.04 | AH13: =Rohdaten!AJ32-Rohdaten!H13 -> 0.055 | AI13: =Rohdaten!AK32-Rohdaten!I13 -> 0.025 | ... AM13: =Rohdaten!AO32-Rohdaten!M13 -> 0.014
B14: =Rohdaten!B33-Rohdaten!B14 -> 0.021 | C14: =Rohdaten!C33-Rohdaten!C14 -> 0.019 | D14: =Rohdaten!D33-Rohdaten!D14 -> 0.012 | E14: =Rohdaten!E33-Rohdaten!E14 -> 0.027 | F14: =Rohdaten!F33-Rohdaten!F14 -> 0.027 | G14: =Rohdaten!G33-Rohdaten!G14 -> 0.025 | H14: =Rohdaten!H33-Rohdaten!H14 -> 0.027 | I14: =Rohdaten!I33-Rohdaten!I14 -> 0.028 | ... M14: =Rohdaten!M33-Rohdaten!M14 -> 0.005 | O14: =Rohdaten!P33-Rohdaten!B14 -> 0.029 | P14: =Rohdaten!Q33-Rohdaten!C14 -> 0.023 | Q14: =Rohdaten!R33-Rohdaten!D14 -> 0.007 | R14: =Rohdaten!S33-Rohdaten!E14 -> 0.025 | S14: =Rohdaten!T33-Rohdaten!F14 -> 0.031 | T14: =Rohdaten!U33-Rohdaten!G14 -> 0.026 | U14: =Rohdaten!V33-Rohdaten!H14 -> 0.04 | V14: =Rohdaten!W33-Rohdaten!I14 -> 0.023 | ... Z14: =Rohdaten!AA33-Rohdaten!M14 -> -0.002 | AB14: =Rohdaten!AD33-Rohdaten!B14 -> 0.019 | AC14: =Rohdaten!AE33-Rohdaten!C14 -> 0.025 | AD14: =Rohdaten!AF33-Rohdaten!D14 -> 0.011 | AE14: =Rohdaten!AG33-Rohdaten!E14 -> 0.022 | AF14: =Rohdaten!AH33-Rohdaten!F14 -> 0.032 | AG14: =Rohdaten!AI33-Rohdaten!G14 -> 0.024 | AH14: =Rohdaten!AJ33-Rohdaten!H14 -> 0.036 | AI14: =Rohdaten!AK33-Rohdaten!I14 -> 0.014 | ... AM14: =Rohdaten!AO33-Rohdaten!M14 -> 0.003
B15: =Rohdaten!B34-Rohdaten!B15 -> 0.062 | C15: =Rohdaten!C34-Rohdaten!C15 -> 0.177 | D15: =Rohdaten!D34-Rohdaten!D15 -> 0.049 | E15: =Rohdaten!E34-Rohdaten!E15 -> 0.086 | F15: =Rohdaten!F34-Rohdaten!F15 -> 0.014 | G15: =Rohdaten!G34-Rohdaten!G15 -> 0.041 | H15: =Rohdaten!H34-Rohdaten!H15 -> 0.022 | I15: =Rohdaten!I34-Rohdaten!I15 -> 0.034 | ... M15: =Rohdaten!M34-Rohdaten!M15 -> 0.02 | O15: =Rohdaten!P34-Rohdaten!B15 -> 0.033 | P15: =Rohdaten!Q34-Rohdaten!C15 -> 0.05 | Q15: =Rohdaten!R34-Rohdaten!D15 -> 0.045 | R15: =Rohdaten!S34-Rohdaten!E15 -> 0.132 | S15: =Rohdaten!T34-Rohdaten!F15 -> 0.021 | T15: =Rohdaten!U34-Rohdaten!G15 -> 0.04 | U15: =Rohdaten!V34-Rohdaten!H15 -> 0.023 | V15: =Rohdaten!W34-Rohdaten!I15 -> 0.038 | ... Z15: =Rohdaten!AA34-Rohdaten!M15 -> 0.021 | AB15: =Rohdaten!AD34-Rohdaten!B15 -> 0.044 | AC15: =Rohdaten!AE34-Rohdaten!C15 -> 0.065 | AD15: =Rohdaten!AF34-Rohdaten!D15 -> 0.042 | AE15: =Rohdaten!AG34-Rohdaten!E15 -> 0.114 | AF15: =Rohdaten!AH34-Rohdaten!F15 -> 0.024 | AG15: =Rohdaten!AI34-Rohdaten!G15 -> 0.033 | AH15: =Rohdaten!AJ34-Rohdaten!H15 -> 0.021 | AI15: =Rohdaten!AK34-Rohdaten!I15 -> 0.024 | ... AM15: =Rohdaten!AO34-Rohdaten!M15 -> 0.022
B16: =Rohdaten!B35-Rohdaten!B16 -> 0.037 | C16: =Rohdaten!C35-Rohdaten!C16 -> 0.111 | D16: =Rohdaten!D35-Rohdaten!D16 -> 0.032 | E16: =Rohdaten!E35-Rohdaten!E16 -> 0.061 | F16: =Rohdaten!F35-Rohdaten!F16 -> 0.003 | G16: =Rohdaten!G35-Rohdaten!G16 -> 0.019 | H16: =Rohdaten!H35-Rohdaten!H16 -> 0.009 | I16: =Rohdaten!I35-Rohdaten!I16 -> 0.019 | ... M16: =Rohdaten!M35-Rohdaten!M16 -> 0.005 | O16: =Rohdaten!P35-Rohdaten!B16 -> 0.019 | P16: =Rohdaten!Q35-Rohdaten!C16 -> 0.035 | Q16: =Rohdaten!R35-Rohdaten!D16 -> 0.029 | R16: =Rohdaten!S35-Rohdaten!E16 -> 0.094 | S16: =Rohdaten!T35-Rohdaten!F16 -> 0.008 | T16: =Rohdaten!U35-Rohdaten!G16 -> 0.021 | U16: =Rohdaten!V35-Rohdaten!H16 -> 0.01 | V16: =Rohdaten!W35-Rohdaten!I16 -> 0.023 | ... Z16: =Rohdaten!AA35-Rohdaten!M16 -> 0.006 | AB16: =Rohdaten!AD35-Rohdaten!B16 -> 0.026 | AC16: =Rohdaten!AE35-Rohdaten!C16 -> 0.043 | AD16: =Rohdaten!AF35-Rohdaten!D16 -> 0.026 | AE16: =Rohdaten!AG35-Rohdaten!E16 -> 0.077 | AF16: =Rohdaten!AH35-Rohdaten!F16 -> 0.008 | AG16: =Rohdaten!AI35-Rohdaten!G16 -> 0.013 | AH16: =Rohdaten!AJ35-Rohdaten!H16 -> 0.007 | AI16: =Rohdaten!AK35-Rohdaten!I16 -> 0.012 | ... AM16: =Rohdaten!AO35-Rohdaten!M16 -> 0.007
... B18: =Rohdaten!B37-Rohdaten!B18 -> -0.031 | C18: =Rohdaten!C37-Rohdaten!C18 -> -0.016 | D18: =Rohdaten!D37-Rohdaten!D18 -> 0.03 | E18: =Rohdaten!E37-Rohdaten!E18 -> 0.022 | F18: =Rohdaten!F37-Rohdaten!F18 -> 0.024 | G18: =Rohdaten!G37-Rohdaten!G18 -> 0.024 | H18: =Rohdaten!H37-Rohdaten!H18 -> 0.024 | I18: =Rohdaten!I37-Rohdaten!I18 -> 0.033 | ... M18: =Rohdaten!M37-Rohdaten!M18 -> 0.032 | O18: =Rohdaten!P37-Rohdaten!B18 -> -0.03 | P18: =Rohdaten!Q37-Rohdaten!C18 -> -0.007 | Q18: =Rohdaten!R37-Rohdaten!D18 -> 0.022 | R18: =Rohdaten!S37-Rohdaten!E18 -> 0.019 | S18: =Rohdaten!T37-Rohdaten!F18 -> 0.024 | T18: =Rohdaten!U37-Rohdaten!G18 -> 0.022 | U18: =Rohdaten!V37-Rohdaten!H18 -> 0.025 | V18: =Rohdaten!W37-Rohdaten!I18 -> 0.028 | ... Z18: =Rohdaten!AA37-Rohdaten!M18 -> 0.032 | AB18: =Rohdaten!AD37-Rohdaten!B18 -> -0.048 | AC18: =Rohdaten!AE37-Rohdaten!C18 -> -0.008 | AD18: =Rohdaten!AF37-Rohdaten!D18 -> 0.019 | AE18: =Rohdaten!AG37-Rohdaten!E18 -> 0.017 | AF18: =Rohdaten!AH37-Rohdaten!F18 -> 0.021 | AG18: =Rohdaten!AI37-Rohdaten!G18 -> 0.018 | AH18: =Rohdaten!AJ37-Rohdaten!H18 -> 0.022 | AI18: =Rohdaten!AK37-Rohdaten!I18 -> 0.024 | ... AM18: =Rohdaten!AO37-Rohdaten!M18 -> 0.027
B20: t1 | C20: - | D20: t2
B21: =Rohdaten!B41-Rohdaten!B22 -> -0.01 | C21: =Rohdaten!C41-Rohdaten!C22 -> 0.023 | D21: =Rohdaten!D41-Rohdaten!D22 -> 0.008 | E21: =Rohdaten!E41-Rohdaten!E22 -> 0.027 | F21: =Rohdaten!F41-Rohdaten!F22 -> -0.008 | G21: =Rohdaten!G41-Rohdaten!G22 -> -0.007 | H21: =Rohdaten!H41-Rohdaten!H22 -> -0.007 | I21: =Rohdaten!I41-Rohdaten!I22 -> -0.008 | ... M21: =Rohdaten!M41-Rohdaten!M22 -> -0.023 | O21: =Rohdaten!P41-Rohdaten!P22 -> -0.011 | P21: =Rohdaten!Q41-Rohdaten!Q22 -> -0.01 | Q21: =Rohdaten!R41-Rohdaten!R22 -> -0.01 | R21: =Rohdaten!S41-Rohdaten!S22 -> -0.011 | S21: =Rohdaten!T41-Rohdaten!T22 -> -0.01 | T21: =Rohdaten!U41-Rohdaten!U22 -> -0.006 | U21: =Rohdaten!V41-Rohdaten!V22 -> -0.011 | V21: =Rohdaten!W41-Rohdaten!W22 -> -0.008 | ... Z21: =Rohdaten!AA41-Rohdaten!AA22 -> -0.018 | AB21: =Rohdaten!AD41-Rohdaten!AD22 -> -0.011 | AC21: =Rohdaten!AE41-Rohdaten!AE22 -> -0.013 | AD21: =Rohdaten!AF41-Rohdaten!AF22 -> -0.011 | AE21: =Rohdaten!AG41-Rohdaten!AG22 -> 0.023 | AF21: =Rohdaten!AH41-Rohdaten!AH22 -> -0.01 | AG21: =Rohdaten!AI41-Rohdaten!AI22 -> -0.009 | AH21: =Rohdaten!AJ41-Rohdaten!AJ22 -> -0.009 | AI21: =Rohdaten!AK41-Rohdaten!AK22 -> 0.028 | ... AM21: =Rohdaten!AO41-Rohdaten!AO22 -> -0.021 | AO21: =(AB21+O21+B21)/3 -> -0.010666667
B22: =Rohdaten!B42-Rohdaten!B23 -> -0.01 | C22: =Rohdaten!C42-Rohdaten!C23 -> 0.004 | D22: =Rohdaten!D42-Rohdaten!D23 -> -0.007 | E22: =Rohdaten!E42-Rohdaten!E23 -> 0.005 | F22: =Rohdaten!F42-Rohdaten!F23 -> -0.009 | G22: =Rohdaten!G42-Rohdaten!G23 -> -0.011 | H22: =Rohdaten!H42-Rohdaten!H23 -> -0.006 | I22: =Rohdaten!I42-Rohdaten!I23 -> -0.007 | ... M22: =Rohdaten!M42-Rohdaten!M23 -> -0.019 | O22: =Rohdaten!P42-Rohdaten!P23 -> -0.011 | P22: =Rohdaten!Q42-Rohdaten!Q23 -> -0.01 | Q22: =Rohdaten!R42-Rohdaten!R23 -> -0.01 | R22: =Rohdaten!S42-Rohdaten!S23 -> -0.01 | S22: =Rohdaten!T42-Rohdaten!T23 -> -0.01 | T22: =Rohdaten!U42-Rohdaten!U23 -> -0.01 | U22: =Rohdaten!V42-Rohdaten!V23 -> -0.009 | V22: =Rohdaten!W42-Rohdaten!W23 -> -0.008 | ... Z22: =Rohdaten!AA42-Rohdaten!AA23 -> -0.019 | AB22: =Rohdaten!AD42-Rohdaten!AD23 -> -0.01 | AC22: =Rohdaten!AE42-Rohdaten!AE23 -> -0.011 | AD22: =Rohdaten!AF42-Rohdaten!AF23 -> -0.011 | AE22: =Rohdaten!AG42-Rohdaten!AG23 -> 0.007 | AF22: =Rohdaten!AH42-Rohdaten!AH23 -> -0.01 | AG22: =Rohdaten!AI42-Rohdaten!AI23 -> -0.012 | AH22: =Rohdaten!AJ42-Rohdaten!AJ23 -> -0.008 | AI22: =Rohdaten!AK42-Rohdaten!AK23 -> 0.012 | ... AM22: =Rohdaten!AO42-Rohdaten!AO23 -> -0.017 | AO22: =_xlfn.STDEV.P(AB21+O21+B21) -> 0
B23: =Rohdaten!B43-Rohdaten!B24 -> -0.01 | C23: =Rohdaten!C43-Rohdaten!C24 -> -0.006 | D23: =Rohdaten!D43-Rohdaten!D24 -> 0.015 | E23: =Rohdaten!E43-Rohdaten!E24 -> 0.047 | F23: =Rohdaten!F43-Rohdaten!F24 -> 0.031 | G23: =Rohdaten!G43-Rohdaten!G24 -> 0.223 | H23: =Rohdaten!H43-Rohdaten!H24 -> 0.12 | I23: =Rohdaten!I43-Rohdaten!I24 -> -0.007 | ... M23: =Rohdaten!M43-Rohdaten!M24 -> -0.001 | O23: =Rohdaten!P43-Rohdaten!P24 -> -0.009 | P23: =Rohdaten!Q43-Rohdaten!Q24 -> -0.004 | Q23: =Rohdaten!R43-Rohdaten!R24 -> 0.017 | R23: =Rohdaten!S43-Rohdaten!S24 -> 0.033 | S23: =Rohdaten!T43-Rohdaten!T24 -> 0.028 | T23: =Rohdaten!U43-Rohdaten!U24 -> 0.19 | U23: =Rohdaten!V43-Rohdaten!V24 -> 0.159 | V23: =Rohdaten!W43-Rohdaten!W24 -> -0.007 | ... Z23: =Rohdaten!AA43-Rohdaten!AA24 -> -0.003 | AB23: =Rohdaten!AD43-Rohdaten!AD24 -> -0.01 | AC23: =Rohdaten!AE43-Rohdaten!AE24 -> -0.006 | AD23: =Rohdaten!AF43-Rohdaten!AF24 -> 0.01 | AE23: =Rohdaten!AG43-Rohdaten!AG24 -> 0.038 | AF23: =Rohdaten!AH43-Rohdaten!AH24 -> 0.021 | AG23: =Rohdaten!AI43-Rohdaten!AI24 -> 0.184 | AH23: =Rohdaten!AJ43-Rohdaten!AJ24 -> 0.131 | AI23: =Rohdaten!AK43-Rohdaten!AK24 -> 0.03 | ... AM23: =Rohdaten!AO43-Rohdaten!AO24 -> -0.003
B24: =Rohdaten!B44-Rohdaten!B25 -> -0.01 | C24: =Rohdaten!C44-Rohdaten!C25 -> -0.007 | D24: =Rohdaten!D44-Rohdaten!D25 -> 0.004 | E24: =Rohdaten!E44-Rohdaten!E25 -> 0.015 | F24: =Rohdaten!F44-Rohdaten!F25 -> 0.002 | G24: =Rohdaten!G44-Rohdaten!G25 -> 0.068 | H24: =Rohdaten!H44-Rohdaten!H25 -> 0.061 | I24: =Rohdaten!I44-Rohdaten!I25 -> -0.007 | ... M24: =Rohdaten!M44-Rohdaten!M25 -> -0.005 | O24: =Rohdaten!P44-Rohdaten!P25 -> -0.009 | P24: =Rohdaten!Q44-Rohdaten!Q25 -> -0.003 | Q24: =Rohdaten!R44-Rohdaten!R25 -> 0.004 | R24: =Rohdaten!S44-Rohdaten!S25 -> 0.021 | S24: =Rohdaten!T44-Rohdaten!T25 -> 0.001 | T24: =Rohdaten!U44-Rohdaten!U25 -> 0.061 | U24: =Rohdaten!V44-Rohdaten!V25 -> 0.075 | V24: =Rohdaten!W44-Rohdaten!W25 -> -0.01 | ... Z24: =Rohdaten!AA44-Rohdaten!AA25 -> -0.004 | AB24: =Rohdaten!AD44-Rohdaten!AD25 -> -0.01 | AC24: =Rohdaten!AE44-Rohdaten!AE25 -> -0.007 | AD24: =Rohdaten!AF44-Rohdaten!AF25 -> 0.002 | AE24: =Rohdaten!AG44-Rohdaten!AG25 -> 0.024 | AF24: =Rohdaten!AH44-Rohdaten!AH25 -> -0.002 | AG24: =Rohdaten!AI44-Rohdaten!AI25 -> 0.043 | AH24: =Rohdaten!AJ44-Rohdaten!AJ25 -> 0.07 | AI24: =Rohdaten!AK44-Rohdaten!AK25 -> 0 | ... AM24: =Rohdaten!AO44-Rohdaten!AO25 -> -0.005
B25: =Rohdaten!B45-Rohdaten!B26 -> -0.002 | C25: =Rohdaten!C45-Rohdaten!C26 -> -0.004 | D25: =Rohdaten!D45-Rohdaten!D26 -> -0.007 | E25: =Rohdaten!E45-Rohdaten!E26 -> 0.231 | F25: =Rohdaten!F45-Rohdaten!F26 -> 0.041 | G25: =Rohdaten!G45-Rohdaten!G26 -> 0.013 | H25: =Rohdaten!H45-Rohdaten!H26 -> -0.008 | I25: =Rohdaten!I45-Rohdaten!I26 -> 0.054 | ... M25: =Rohdaten!M45-Rohdaten!M26 -> 0.237 | O25: =Rohdaten!P45-Rohdaten!P26 -> -0.002 | P25: =Rohdaten!Q45-Rohdaten!Q26 -> -0.003 | Q25: =Rohdaten!R45-Rohdaten!R26 -> 0.021 | R25: =Rohdaten!S45-Rohdaten!S26 -> 0.283 | S25: =Rohdaten!T45-Rohdaten!T26 -> 0.063 | T25: =Rohdaten!U45-Rohdaten!U26 -> -0.011 | U25: =Rohdaten!V45-Rohdaten!V26 -> -0.008 | V25: =Rohdaten!W45-Rohdaten!W26 -> 0.057 | ... Z25: =Rohdaten!AA45-Rohdaten!AA26 -> 0.24 | AB25: =Rohdaten!AD45-Rohdaten!AD26 -> -0.002 | AC25: =Rohdaten!AE45-Rohdaten!AE26 -> -0.005 | AD25: =Rohdaten!AF45-Rohdaten!AF26 -> -0.007 | AE25: =Rohdaten!AG45-Rohdaten!AG26 -> 0.217 | AF25: =Rohdaten!AH45-Rohdaten!AH26 -> 0.178 | AG25: =Rohdaten!AI45-Rohdaten!AI26 -> -0.011 | AH25: =Rohdaten!AJ45-Rohdaten!AJ26 -> -0.009 | AI25: =Rohdaten!AK45-Rohdaten!AK26 -> 0.034 | ... AM25: =Rohdaten!AO45-Rohdaten!AO26 -> 0.285
B26: =Rohdaten!B46-Rohdaten!B27 -> -0.008 | C26: =Rohdaten!C46-Rohdaten!C27 -> -0.005 | D26: =Rohdaten!D46-Rohdaten!D27 -> -0.007 | E26: =Rohdaten!E46-Rohdaten!E27 -> 0.11 | F26: =Rohdaten!F46-Rohdaten!F27 -> 0.019 | G26: =Rohdaten!G46-Rohdaten!G27 -> -0.001 | H26: =Rohdaten!H46-Rohdaten!H27 -> -0.008 | I26: =Rohdaten!I46-Rohdaten!I27 -> -0.002 | ... M26: =Rohdaten!M46-Rohdaten!M27 -> 0.138 | O26: =Rohdaten!P46-Rohdaten!P27 -> -0.008 | P26: =Rohdaten!Q46-Rohdaten!Q27 -> -0.005 | Q26: =Rohdaten!R46-Rohdaten!R27 -> 0.003 | R26: =Rohdaten!S46-Rohdaten!S27 -> 0.092 | S26: =Rohdaten!T46-Rohdaten!T27 -> 0.032 | T26: =Rohdaten!U46-Rohdaten!U27 -> -0.011 | U26: =Rohdaten!V46-Rohdaten!V27 -> -0.009 | V26: =Rohdaten!W46-Rohdaten!W27 -> 0 | ... Z26: =Rohdaten!AA46-Rohdaten!AA27 -> 0.136 | AB26: =Rohdaten!AD46-Rohdaten!AD27 -> -0.008 | AC26: =Rohdaten!AE46-Rohdaten!AE27 -> -0.006 | AD26: =Rohdaten!AF46-Rohdaten!AF27 -> -0.008 | AE26: =Rohdaten!AG46-Rohdaten!AG27 -> 0.098 | AF26: =Rohdaten!AH46-Rohdaten!AH27 -> 0.11 | AG26: =Rohdaten!AI46-Rohdaten!AI27 -> -0.011 | AH26: =Rohdaten!AJ46-Rohdaten!AJ27 -> -0.009 | AI26: =Rohdaten!AK46-Rohdaten!AK27 -> 0 | ... AM26: =Rohdaten!AO46-Rohdaten!AO27 -> 0.173
B27: =Rohdaten!B47-Rohdaten!B28 -> 0.075 | C27: =Rohdaten!C47-Rohdaten!C28 -> -0.004 | D27: =Rohdaten!D47-Rohdaten!D28 -> -0.006 | E27: =Rohdaten!E47-Rohdaten!E28 -> -0.002 | F27: =Rohdaten!F47-Rohdaten!F28 -> -0.007 | G27: =Rohdaten!G47-Rohdaten!G28 -> 0.023 | H27: =Rohdaten!H47-Rohdaten!H28 -> 0.148 | I27: =Rohdaten!I47-Rohdaten!I28 -> 0.271 | ... M27: =Rohdaten!M47-Rohdaten!M28 -> -0.011 | O27: =Rohdaten!P47-Rohdaten!P28 -> -0.012 | P27: =Rohdaten!Q47-Rohdaten!Q28 -> -0.005 | Q27: =Rohdaten!R47-Rohdaten!R28 -> 0 | R27: =Rohdaten!S47-Rohdaten!S28 -> -0.002 | S27: =Rohdaten!T47-Rohdaten!T28 -> 0.023 | T27: =Rohdaten!U47-Rohdaten!U28 -> 0.022 | U27: =Rohdaten!V47-Rohdaten!V28 -> 0.219 | V27: =Rohdaten!W47-Rohdaten!W28 -> 0.244 | ... Z27: =Rohdaten!AA47-Rohdaten!AA28 -> -0.009 | AB27: =Rohdaten!AD47-Rohdaten!AD28 -> -0.012 | AC27: =Rohdaten!AE47-Rohdaten!AE28 -> -0.006 | AD27: =Rohdaten!AF47-Rohdaten!AF28 -> 0.042 | AE27: =Rohdaten!AG47-Rohdaten!AG28 -> -0.004 | AF27: =Rohdaten!AH47-Rohdaten!AH28 -> -0.01 | AG27: =Rohdaten!AI47-Rohdaten!AI28 -> 0.082 | AH27: =Rohdaten!AJ47-Rohdaten!AJ28 -> 0.126 | AI27: =Rohdaten!AK47-Rohdaten!AK28 -> 0.196 | ... AM27: =Rohdaten!AO47-Rohdaten!AO28 -> -0.011
B28: =Rohdaten!B48-Rohdaten!B29 -> 0.02 | C28: =Rohdaten!C48-Rohdaten!C29 -> -0.003 | D28: =Rohdaten!D48-Rohdaten!D29 -> -0.006 | E28: =Rohdaten!E48-Rohdaten!E29 -> -0.007 | F28: =Rohdaten!F48-Rohdaten!F29 -> -0.007 | G28: =Rohdaten!G48-Rohdaten!G29 -> 0.005 | H28: =Rohdaten!H48-Rohdaten!H29 -> 0.056 | I28: =Rohdaten!I48-Rohdaten!I29 -> 0.078 | ... M28: =Rohdaten!M48-Rohdaten!M29 -> -0.01 | O28: =Rohdaten!P48-Rohdaten!P29 -> -0.012 | P28: =Rohdaten!Q48-Rohdaten!Q29 -> -0.007 | Q28: =Rohdaten!R48-Rohdaten!R29 -> -0.005 | R28: =Rohdaten!S48-Rohdaten!S29 -> -0.009 | S28: =Rohdaten!T48-Rohdaten!T29 -> 0.005 | T28: =Rohdaten!U48-Rohdaten!U29 -> 0.003 | U28: =Rohdaten!V48-Rohdaten!V29 -> 0.078 | V28: =Rohdaten!W48-Rohdaten!W29 -> 0.115 | ... Z28: =Rohdaten!AA48-Rohdaten!AA29 -> -0.01 | AB28: =Rohdaten!AD48-Rohdaten!AD29 -> -0.012 | AC28: =Rohdaten!AE48-Rohdaten!AE29 -> -0.007 | AD28: =Rohdaten!AF48-Rohdaten!AF29 -> 0.013 | AE28: =Rohdaten!AG48-Rohdaten!AG29 -> -0.009 | AF28: =Rohdaten!AH48-Rohdaten!AH29 -> -0.009 | AG28: =Rohdaten!AI48-Rohdaten!AI29 -> 0.002 | AH28: =Rohdaten!AJ48-Rohdaten!AJ29 -> 0.029 | AI28: =Rohdaten!AK48-Rohdaten!AK29 -> 0.081 | ... AM28: =Rohdaten!AO48-Rohdaten!AO29 -> -0.01
B29: =Rohdaten!B49-Rohdaten!B30 -> 0.005 | C29: =Rohdaten!C49-Rohdaten!C30 -> -0.003 | D29: =Rohdaten!D49-Rohdaten!D30 -> -0.005 | E29: =Rohdaten!E49-Rohdaten!E30 -> 0.047 | F29: =Rohdaten!F49-Rohdaten!F30 -> 0.016 | G29: =Rohdaten!G49-Rohdaten!G30 -> -0.006 | H29: =Rohdaten!H49-Rohdaten!H30 -> -0.007 | I29: =Rohdaten!I49-Rohdaten!I30 -> -0.003 | ... M29: =Rohdaten!M49-Rohdaten!M30 -> 0.06 | O29: =Rohdaten!P49-Rohdaten!P30 -> 0 | P29: =Rohdaten!Q49-Rohdaten!Q30 -> -0.001 | Q29: =Rohdaten!R49-Rohdaten!R30 -> -0.006 | R29: =Rohdaten!S49-Rohdaten!S30 -> 0.008 | S29: =Rohdaten!T49-Rohdaten!T30 -> 0.015 | T29: =Rohdaten!U49-Rohdaten!U30 -> -0.006 | U29: =Rohdaten!V49-Rohdaten!V30 -> -0.006 | V29: =Rohdaten!W49-Rohdaten!W30 -> -0.009 | ... Z29: =Rohdaten!AA49-Rohdaten!AA30 -> 0.062 | AB29: =Rohdaten!AD49-Rohdaten!AD30 -> 0.002 | AC29: =Rohdaten!AE49-Rohdaten!AE30 -> -0.002 | AD29: =Rohdaten!AF49-Rohdaten!AF30 -> 0.157 | AE29: =Rohdaten!AG49-Rohdaten!AG30 -> 0.042 | AF29: =Rohdaten!AH49-Rohdaten!AH30 -> 0.016 | AG29: =Rohdaten!AI49-Rohdaten!AI30 -> -0.008 | AH29: =Rohdaten!AJ49-Rohdaten!AJ30 -> -0.008 | AI29: =Rohdaten!AK49-Rohdaten!AK30 -> 0.365 | ... AM29: =Rohdaten!AO49-Rohdaten!AO30 -> 0.058
B30: =Rohdaten!B50-Rohdaten!B31 -> 0.003 | C30: =Rohdaten!C50-Rohdaten!C31 -> -0.002 | D30: =Rohdaten!D50-Rohdaten!D31 -> -0.005 | E30: =Rohdaten!E50-Rohdaten!E31 -> 0.038 | F30: =Rohdaten!F50-Rohdaten!F31 -> -0.002 | G30: =Rohdaten!G50-Rohdaten!G31 -> -0.006 | H30: =Rohdaten!H50-Rohdaten!H31 -> -0.006 | I30: =Rohdaten!I50-Rohdaten!I31 -> -0.007 | ... M30: =Rohdaten!M50-Rohdaten!M31 -> -0.005 | O30: =Rohdaten!P50-Rohdaten!P31 -> 0 | P30: =Rohdaten!Q50-Rohdaten!Q31 -> -0.004 | Q30: =Rohdaten!R50-Rohdaten!R31 -> -0.007 | R30: =Rohdaten!S50-Rohdaten!S31 -> 0.006 | S30: =Rohdaten!T50-Rohdaten!T31 -> -0.003 | T30: =Rohdaten!U50-Rohdaten!U31 -> -0.007 | U30: =Rohdaten!V50-Rohdaten!V31 -> -0.007 | V30: =Rohdaten!W50-Rohdaten!W31 -> -0.009 | ... Z30: =Rohdaten!AA50-Rohdaten!AA31 -> -0.004 | AB30: =Rohdaten!AD50-Rohdaten!AD31 -> 0.002 | AC30: =Rohdaten!AE50-Rohdaten!AE31 -> -0.003 | AD30: =Rohdaten!AF50-Rohdaten!AF31 -> 0.043 | AE30: =Rohdaten!AG50-Rohdaten!AG31 -> 0.018 | AF30: =Rohdaten!AH50-Rohdaten!AH31 -> -0.004 | AG30: =Rohdaten!AI50-Rohdaten!AI31 -> -0.008 | AH30: =Rohdaten!AJ50-Rohdaten!AJ31 -> -0.007 | AI30: =Rohdaten!AK50-Rohdaten!AK31 -> 0.1 | ... AM30: =Rohdaten!AO50-Rohdaten!AO31 -> -0.005
B31: =Rohdaten!B51-Rohdaten!B32 -> -0.01 | C31: =Rohdaten!C51-Rohdaten!C32 -> -0.005 | D31: =Rohdaten!D51-Rohdaten!D32 -> -0.005 | E31: =Rohdaten!E51-Rohdaten!E32 -> -0.007 | F31: =Rohdaten!F51-Rohdaten!F32 -> 0.122 | G31: =Rohdaten!G51-Rohdaten!G32 -> -0.009 | H31: =Rohdaten!H51-Rohdaten!H32 -> -0.006 | I31: =Rohdaten!I51-Rohdaten!I32 -> -0.008 | ... M31: =Rohdaten!M51-Rohdaten!M32 -> 0.505 | O31: =Rohdaten!P51-Rohdaten!P32 -> 0.172 | P31: =Rohdaten!Q51-Rohdaten!Q32 -> -0.006 | Q31: =Rohdaten!R51-Rohdaten!R32 -> -0.004 | R31: =Rohdaten!S51-Rohdaten!S32 -> -0.005 | S31: =Rohdaten!T51-Rohdaten!T32 -> 0.024 | T31: =Rohdaten!U51-Rohdaten!U32 -> -0.006 | U31: =Rohdaten!V51-Rohdaten!V32 -> -0.008 | V31: =Rohdaten!W51-Rohdaten!W32 -> -0.007 | ... Z31: =Rohdaten!AA51-Rohdaten!AA32 -> -0.008 | AB31: =Rohdaten!AD51-Rohdaten!AD32 -> -0.011 | AC31: =Rohdaten!AE51-Rohdaten!AE32 -> -0.007 | AD31: =Rohdaten!AF51-Rohdaten!AF32 -> 0.062 | AE31: =Rohdaten!AG51-Rohdaten!AG32 -> -0.006 | AF31: =Rohdaten!AH51-Rohdaten!AH32 -> 0.006 | AG31: =Rohdaten!AI51-Rohdaten!AI32 -> 0.023 | AH31: =Rohdaten!AJ51-Rohdaten!AJ32 -> 0.025 | AI31: =Rohdaten!AK51-Rohdaten!AK32 -> -0.007 | ... AM31: =Rohdaten!AO51-Rohdaten!AO32 -> -0.011
B32: =Rohdaten!B52-Rohdaten!B33 -> -0.009 | C32: =Rohdaten!C52-Rohdaten!C33 -> -0.006 | D32: =Rohdaten!D52-Rohdaten!D33 -> -0.004 | E32: =Rohdaten!E52-Rohdaten!E33 -> -0.006 | F32: =Rohdaten!F52-Rohdaten!F33 -> 0.04 | G32: =Rohdaten!G52-Rohdaten!G33 -> -0.007 | H32: =Rohdaten!H52-Rohdaten!H33 -> -0.005 | I32: =Rohdaten!I52-Rohdaten!I33 -> -0.008 | ... M32: =Rohdaten!M52-Rohdaten!M33 -> 0.115 | O32: =Rohdaten!P52-Rohdaten!P33 -> 0.053 | P32: =Rohdaten!Q52-Rohdaten!Q33 -> -0.008 | Q32: =Rohdaten!R52-Rohdaten!R33 -> -0.004 | R32: =Rohdaten!S52-Rohdaten!S33 -> -0.005 | S32: =Rohdaten!T52-Rohdaten!T33 -> -0.006 | T32: =Rohdaten!U52-Rohdaten!U33 -> -0.006 | U32: =Rohdaten!V52-Rohdaten!V33 -> -0.008 | V32: =Rohdaten!W52-Rohdaten!W33 -> -0.008 | ... Z32: =Rohdaten!AA52-Rohdaten!AA33 -> -0.008 | AB32: =Rohdaten!AD52-Rohdaten!AD33 -> -0.01 | AC32: =Rohdaten!AE52-Rohdaten!AE33 -> -0.007 | AD32: =Rohdaten!AF52-Rohdaten!AF33 -> 0.02 | AE32: =Rohdaten!AG52-Rohdaten!AG33 -> -0.006 | AF32: =Rohdaten!AH52-Rohdaten!AH33 -> -0.007 | AG32: =Rohdaten!AI52-Rohdaten!AI33 -> -0.007 | AH32: =Rohdaten!AJ52-Rohdaten!AJ33 -> 0.006 | AI32: =Rohdaten!AK52-Rohdaten!AK33 -> -0.007 | ... AM32: =Rohdaten!AO52-Rohdaten!AO33 -> -0.01
B33: =Rohdaten!B53-Rohdaten!B34 -> 0.008 | C33: =Rohdaten!C53-Rohdaten!C34 -> 0.067 | D33: =Rohdaten!D53-Rohdaten!D34 -> 0.106 | E33: =Rohdaten!E53-Rohdaten!E34 -> 0.026 | F33: =Rohdaten!F53-Rohdaten!F34 -> -0.003 | G33: =Rohdaten!G53-Rohdaten!G34 -> -0.006 | H33: =Rohdaten!H53-Rohdaten!H34 -> -0.004 | I33: =Rohdaten!I53-Rohdaten!I34 -> -0.005 | ... M33: =Rohdaten!M53-Rohdaten!M34 -> -0.005 | O33: =Rohdaten!P53-Rohdaten!P34 -> -0.007 | P33: =Rohdaten!Q53-Rohdaten!Q34 -> -0.002 | Q33: =Rohdaten!R53-Rohdaten!R34 -> -0.006 | R33: =Rohdaten!S53-Rohdaten!S34 -> 0.022 | S33: =Rohdaten!T53-Rohdaten!T34 -> -0.004 | T33: =Rohdaten!U53-Rohdaten!U34 -> -0.006 | U33: =Rohdaten!V53-Rohdaten!V34 -> 0.004 | V33: =Rohdaten!W53-Rohdaten!W34 -> 0.031 | ... Z33: =Rohdaten!AA53-Rohdaten!AA34 -> -0.004 | AB33: =Rohdaten!AD53-Rohdaten!AD34 -> -0.01 | AC33: =Rohdaten!AE53-Rohdaten!AE34 -> 0.063 | AD33: =Rohdaten!AF53-Rohdaten!AF34 -> -0.007 | AE33: =Rohdaten!AG53-Rohdaten!AG34 -> 0.035 | AF33: =Rohdaten!AH53-Rohdaten!AH34 -> 0.076 | AG33: =Rohdaten!AI53-Rohdaten!AI34 -> -0.007 | AH33: =Rohdaten!AJ53-Rohdaten!AJ34 -> -0.004 | AI33: =Rohdaten!AK53-Rohdaten!AK34 -> 0.06 | ... AM33: =Rohdaten!AO53-Rohdaten!AO34 -> 0.038
B34: =Rohdaten!B54-Rohdaten!B35 -> -0.006 | C34: =Rohdaten!C54-Rohdaten!C35 -> 0.01 | D34: =Rohdaten!D54-Rohdaten!D35 -> 0.032 | E34: =Rohdaten!E54-Rohdaten!E35 -> 0.008 | F34: =Rohdaten!F54-Rohdaten!F35 -> -0.002 | G34: =Rohdaten!G54-Rohdaten!G35 -> -0.001 | H34: =Rohdaten!H54-Rohdaten!H35 -> -0.003 | I34: =Rohdaten!I54-Rohdaten!I35 -> -0.005 | ... M34: =Rohdaten!M54-Rohdaten!M35 -> -0.005 | O34: =Rohdaten!P54-Rohdaten!P35 -> -0.007 | P34: =Rohdaten!Q54-Rohdaten!Q35 -> -0.005 | Q34: =Rohdaten!R54-Rohdaten!R35 -> -0.005 | R34: =Rohdaten!S54-Rohdaten!S35 -> 0.01 | S34: =Rohdaten!T54-Rohdaten!T35 -> -0.004 | T34: =Rohdaten!U54-Rohdaten!U35 -> -0.005 | U34: =Rohdaten!V54-Rohdaten!V35 -> 0.004 | V34: =Rohdaten!W54-Rohdaten!W35 -> 0.007 | ... Z34: =Rohdaten!AA54-Rohdaten!AA35 -> -0.004 | AB34: =Rohdaten!AD54-Rohdaten!AD35 -> -0.009 | AC34: =Rohdaten!AE54-Rohdaten!AE35 -> 0.016 | AD34: =Rohdaten!AF54-Rohdaten!AF35 -> -0.007 | AE34: =Rohdaten!AG54-Rohdaten!AG35 -> 0.013 | AF34: =Rohdaten!AH54-Rohdaten!AH35 -> 0.025 | AG34: =Rohdaten!AI54-Rohdaten!AI35 -> -0.003 | AH34: =Rohdaten!AJ54-Rohdaten!AJ35 -> -0.004 | AI34: =Rohdaten!AK54-Rohdaten!AK35 -> 0.022 | ... AM34: =Rohdaten!AO54-Rohdaten!AO35 -> 0.011
... B36: =Rohdaten!B56-Rohdaten!B37 -> 0.03 | C36: =Rohdaten!C56-Rohdaten!C37 -> -0.004 | D36: =Rohdaten!D56-Rohdaten!D37 -> -0.009 | E36: =Rohdaten!E56-Rohdaten!E37 -> -0.006 | F36: =Rohdaten!F56-Rohdaten!F37 -> -0.008 | G36: =Rohdaten!G56-Rohdaten!G37 -> -0.008 | H36: =Rohdaten!H56-Rohdaten!H37 -> -0.007 | I36: =Rohdaten!I56-Rohdaten!I37 -> -0.009 | ... M36: =Rohdaten!M56-Rohdaten!M37 -> -0.012 | O36: =Rohdaten!P56-Rohdaten!P37 -> 0.025 | P36: =Rohdaten!Q56-Rohdaten!Q37 -> -0.004 | Q36: =Rohdaten!R56-Rohdaten!R37 -> -0.006 | R36: =Rohdaten!S56-Rohdaten!S37 -> -0.004 | S36: =Rohdaten!T56-Rohdaten!T37 -> -0.006 | T36: =Rohdaten!U56-Rohdaten!U37 -> -0.007 | U36: =Rohdaten!V56-Rohdaten!V37 -> 0.01 | V36: =Rohdaten!W56-Rohdaten!W37 -> -0.007 | ... Z36: =Rohdaten!AA56-Rohdaten!AA37 -> -0.008 | AB36: =Rohdaten!AD56-Rohdaten!AD37 -> 0.025 | AC36: =Rohdaten!AE56-Rohdaten!AE37 -> -0.005 | AD36: =Rohdaten!AF56-Rohdaten!AF37 -> 0.298 | AE36: =Rohdaten!AG56-Rohdaten!AG37 -> -0.001 | AF36: =Rohdaten!AH56-Rohdaten!AH37 -> -0.008 | AG36: =Rohdaten!AI56-Rohdaten!AI37 -> -0.008 | AH36: =Rohdaten!AJ56-Rohdaten!AJ37 -> -0.009 | AI36: =Rohdaten!AK56-Rohdaten!AK37 -> 0.011 | ... AM36: =Rohdaten!AO56-Rohdaten!AO37 -> -0.012
B38: t2 | C38: - | D38: t3
B39: =Rohdaten!B60-Rohdaten!B41 -> -0.002 | C39: =Rohdaten!C60-Rohdaten!C41 -> -0.001 | D39: =Rohdaten!D60-Rohdaten!D41 -> 0.009 | E39: =Rohdaten!E60-Rohdaten!E41 -> 0.022 | F39: =Rohdaten!F60-Rohdaten!F41 -> -0.002 | G39: =Rohdaten!G60-Rohdaten!G41 -> -0.002 | H39: =Rohdaten!H60-Rohdaten!H41 -> -0.002 | I39: =Rohdaten!I60-Rohdaten!I41 -> -0.001 | ... M39: =Rohdaten!M60-Rohdaten!M41 -> -0.005 | O39: =Rohdaten!P60-Rohdaten!P41 -> -0.002 | P39: =Rohdaten!Q60-Rohdaten!Q41 -> -0.002 | Q39: =Rohdaten!R60-Rohdaten!R41 -> -0.002 | R39: =Rohdaten!S60-Rohdaten!S41 -> -0.001 | S39: =Rohdaten!T60-Rohdaten!T41 -> -0.002 | T39: =Rohdaten!U60-Rohdaten!U41 -> 0.001 | U39: =Rohdaten!V60-Rohdaten!V41 -> -0.001 | V39: =Rohdaten!W60-Rohdaten!W41 -> -0.003 | ... Z39: =Rohdaten!AA60-Rohdaten!AA41 -> -0.003 | AB39: =Rohdaten!AD60-Rohdaten!AD41 -> -0.002 | AC39: =Rohdaten!AE60-Rohdaten!AE41 -> -0.002 | AD39: =Rohdaten!AF60-Rohdaten!AF41 -> -0.002 | AE39: =Rohdaten!AG60-Rohdaten!AG41 -> 0.008 | AF39: =Rohdaten!AH60-Rohdaten!AH41 -> -0.002 | AG39: =Rohdaten!AI60-Rohdaten!AI41 -> -0.002 | AH39: =Rohdaten!AJ60-Rohdaten!AJ41 -> -0.003 | AI39: =Rohdaten!AK60-Rohdaten!AK41 -> 0.033 | ... AM39: =Rohdaten!AO60-Rohdaten!AO41 -> 0.004
B40: =Rohdaten!B61-Rohdaten!B42 -> -0.002 | C40: =Rohdaten!C61-Rohdaten!C42 -> -0.001 | D40: =Rohdaten!D61-Rohdaten!D42 -> 0.002 | E40: =Rohdaten!E61-Rohdaten!E42 -> 0.007 | F40: =Rohdaten!F61-Rohdaten!F42 -> -0.001 | G40: =Rohdaten!G61-Rohdaten!G42 -> -0.002 | H40: =Rohdaten!H61-Rohdaten!H42 -> -0.002 | I40: =Rohdaten!I61-Rohdaten!I42 -> -0.001 | ... M40: =Rohdaten!M61-Rohdaten!M42 -> -0.003 | O40: =Rohdaten!P61-Rohdaten!P42 -> -0.001 | P40: =Rohdaten!Q61-Rohdaten!Q42 -> -0.001 | Q40: =Rohdaten!R61-Rohdaten!R42 -> -0.001 | R40: =Rohdaten!S61-Rohdaten!S42 -> -0.002 | S40: =Rohdaten!T61-Rohdaten!T42 -> -0.002 | T40: =Rohdaten!U61-Rohdaten!U42 -> 0 | U40: =Rohdaten!V61-Rohdaten!V42 -> -0.001 | V40: =Rohdaten!W61-Rohdaten!W42 -> -0.002 | ... Z40: =Rohdaten!AA61-Rohdaten!AA42 -> -0.003 | AB40: =Rohdaten!AD61-Rohdaten!AD42 -> -0.002 | AC40: =Rohdaten!AE61-Rohdaten!AE42 -> -0.001 | AD40: =Rohdaten!AF61-Rohdaten!AF42 -> -0.002 | AE40: =Rohdaten!AG61-Rohdaten!AG42 -> -0.001 | AF40: =Rohdaten!AH61-Rohdaten!AH42 -> -0.001 | AG40: =Rohdaten!AI61-Rohdaten!AI42 -> -0.003 | AH40: =Rohdaten!AJ61-Rohdaten!AJ42 -> -0.002 | AI40: =Rohdaten!AK61-Rohdaten!AK42 -> 0.012 | ... AM40: =Rohdaten!AO61-Rohdaten!AO42 -> 0
B41: =Rohdaten!B62-Rohdaten!B43 -> -0.002 | C41: =Rohdaten!C62-Rohdaten!C43 -> -0.001 | D41: =Rohdaten!D62-Rohdaten!D43 -> 0.003 | E41: =Rohdaten!E62-Rohdaten!E43 -> 0.013 | F41: =Rohdaten!F62-Rohdaten!F43 -> 0.004 | G41: =Rohdaten!G62-Rohdaten!G43 -> 0.034 | H41: =Rohdaten!H62-Rohdaten!H43 -> 0.01 | I41: =Rohdaten!I62-Rohdaten!I43 -> 0.002 | ... M41: =Rohdaten!M62-Rohdaten!M43 -> -0.001 | O41: =Rohdaten!P62-Rohdaten!P43 -> -0.002 | P41: =Rohdaten!Q62-Rohdaten!Q43 -> -0.001 | Q41: =Rohdaten!R62-Rohdaten!R43 -> 0.003 | R41: =Rohdaten!S62-Rohdaten!S43 -> 0.009 | S41: =Rohdaten!T62-Rohdaten!T43 -> 0.005 | T41: =Rohdaten!U62-Rohdaten!U43 -> 0.039 | U41: =Rohdaten!V62-Rohdaten!V43 -> 0.025 | V41: =Rohdaten!W62-Rohdaten!W43 -> -0.001 | ... Z41: =Rohdaten!AA62-Rohdaten!AA43 -> 0 | AB41: =Rohdaten!AD62-Rohdaten!AD43 -> -0.002 | AC41: =Rohdaten!AE62-Rohdaten!AE43 -> -0.001 | AD41: =Rohdaten!AF62-Rohdaten!AF43 -> 0.001 | AE41: =Rohdaten!AG62-Rohdaten!AG43 -> 0.01 | AF41: =Rohdaten!AH62-Rohdaten!AH43 -> 0.002 | AG41: =Rohdaten!AI62-Rohdaten!AI43 -> 0.032 | AH41: =Rohdaten!AJ62-Rohdaten!AJ43 -> 0.006 | AI41: =Rohdaten!AK62-Rohdaten!AK43 -> -0.002 | ... AM41: =Rohdaten!AO62-Rohdaten!AO43 -> -0.001
B42: =Rohdaten!B63-Rohdaten!B44 -> -0.001 | C42: =Rohdaten!C63-Rohdaten!C44 -> -0.001 | D42: =Rohdaten!D63-Rohdaten!D44 -> 0.001 | E42: =Rohdaten!E63-Rohdaten!E44 -> 0.005 | F42: =Rohdaten!F63-Rohdaten!F44 -> 0 | G42: =Rohdaten!G63-Rohdaten!G44 -> 0.01 | H42: =Rohdaten!H63-Rohdaten!H44 -> 0.003 | I42: =Rohdaten!I63-Rohdaten!I44 -> 0.002 | ... M42: =Rohdaten!M63-Rohdaten!M44 -> 0 | O42: =Rohdaten!P63-Rohdaten!P44 -> -0.002 | P42: =Rohdaten!Q63-Rohdaten!Q44 -> -0.002 | Q42: =Rohdaten!R63-Rohdaten!R44 -> 0.001 | R42: =Rohdaten!S63-Rohdaten!S44 -> 0.004 | S42: =Rohdaten!T63-Rohdaten!T44 -> 0.001 | T42: =Rohdaten!U63-Rohdaten!U44 -> 0.018 | U42: =Rohdaten!V63-Rohdaten!V44 -> 0.015 | V42: =Rohdaten!W63-Rohdaten!W44 -> -0.001 | ... Z42: =Rohdaten!AA63-Rohdaten!AA44 -> -0.001 | AB42: =Rohdaten!AD63-Rohdaten!AD44 -> -0.001 | AC42: =Rohdaten!AE63-Rohdaten!AE44 -> -0.001 | AD42: =Rohdaten!AF63-Rohdaten!AF44 -> 0 | AE42: =Rohdaten!AG63-Rohdaten!AG44 -> 0.005 | AF42: =Rohdaten!AH63-Rohdaten!AH44 -> 0 | AG42: =Rohdaten!AI63-Rohdaten!AI44 -> 0.013 | AH42: =Rohdaten!AJ63-Rohdaten!AJ44 -> 0.003 | AI42: =Rohdaten!AK63-Rohdaten!AK44 -> -0.001 | ... AM42: =Rohdaten!AO63-Rohdaten!AO44 -> -0.001
B43: =Rohdaten!B64-Rohdaten!B45 -> 0.003 | C43: =Rohdaten!C64-Rohdaten!C45 -> -0.001 | D43: =Rohdaten!D64-Rohdaten!D45 -> -0.001 | E43: =Rohdaten!E64-Rohdaten!E45 -> 0.033 | F43: =Rohdaten!F64-Rohdaten!F45 -> 0.017 | G43: =Rohdaten!G64-Rohdaten!G45 -> 0.015 | H43: =Rohdaten!H64-Rohdaten!H45 -> -0.001 | I43: =Rohdaten!I64-Rohdaten!I45 -> 0.005 | ... M43: =Rohdaten!M64-Rohdaten!M45 -> 0.015 | O43: =Rohdaten!P64-Rohdaten!P45 -> -0.002 | P43: =Rohdaten!Q64-Rohdaten!Q45 -> -0.001 | Q43: =Rohdaten!R64-Rohdaten!R45 -> -0.002 | R43: =Rohdaten!S64-Rohdaten!S45 -> -0.042 | S43: =Rohdaten!T64-Rohdaten!T45 -> 0.008 | T43: =Rohdaten!U64-Rohdaten!U45 -> -0.002 | U43: =Rohdaten!V64-Rohdaten!V45 -> -0.001 | V43: =Rohdaten!W64-Rohdaten!W45 -> 0.005 | ... Z43: =Rohdaten!AA64-Rohdaten!AA45 -> 0.026 | AB43: =Rohdaten!AD64-Rohdaten!AD45 -> 0.003 | AC43: =Rohdaten!AE64-Rohdaten!AE45 -> -0.001 | AD43: =Rohdaten!AF64-Rohdaten!AF45 -> -0.001 | AE43: =Rohdaten!AG64-Rohdaten!AG45 -> 0.037 | AF43: =Rohdaten!AH64-Rohdaten!AH45 -> -0.013 | AG43: =Rohdaten!AI64-Rohdaten!AI45 -> -0.001 | AH43: =Rohdaten!AJ64-Rohdaten!AJ45 -> 0.006 | AI43: =Rohdaten!AK64-Rohdaten!AK45 -> 0.002 | ... AM43: =Rohdaten!AO64-Rohdaten!AO45 -> 0.031
B44: =Rohdaten!B65-Rohdaten!B46 -> -0.001 | C44: =Rohdaten!C65-Rohdaten!C46 -> -0.001 | D44: =Rohdaten!D65-Rohdaten!D46 -> -0.001 | E44: =Rohdaten!E65-Rohdaten!E46 -> 0.018 | F44: =Rohdaten!F65-Rohdaten!F46 -> 0.006 | G44: =Rohdaten!G65-Rohdaten!G46 -> 0.005 | H44: =Rohdaten!H65-Rohdaten!H46 -> -0.002 | I44: =Rohdaten!I65-Rohdaten!I46 -> 0.001 | ... M44: =Rohdaten!M65-Rohdaten!M46 -> 0.006 | O44: =Rohdaten!P65-Rohdaten!P46 -> -0.001 | P44: =Rohdaten!Q65-Rohdaten!Q46 -> -0.001 | Q44: =Rohdaten!R65-Rohdaten!R46 -> -0.001 | R44: =Rohdaten!S65-Rohdaten!S46 -> 0.017 | S44: =Rohdaten!T65-Rohdaten!T46 -> 0.003 | T44: =Rohdaten!U65-Rohdaten!U46 -> -0.002 | U44: =Rohdaten!V65-Rohdaten!V46 -> -0.002 | V44: =Rohdaten!W65-Rohdaten!W46 -> 0.001 | ... Z44: =Rohdaten!AA65-Rohdaten!AA46 -> 0.014 | AB44: =Rohdaten!AD65-Rohdaten!AD46 -> -0.001 | AC44: =Rohdaten!AE65-Rohdaten!AE46 -> -0.001 | AD44: =Rohdaten!AF65-Rohdaten!AF46 -> -0.001 | AE44: =Rohdaten!AG65-Rohdaten!AG46 -> 0.023 | AF44: =Rohdaten!AH65-Rohdaten!AH46 -> -0.019 | AG44: =Rohdaten!AI65-Rohdaten!AI46 -> -0.001 | AH44: =Rohdaten!AJ65-Rohdaten!AJ46 -> 0.005 | AI44: =Rohdaten!AK65-Rohdaten!AK46 -> -0.001 | ... AM44: =Rohdaten!AO65-Rohdaten!AO46 -> 0.016
B45: =Rohdaten!B66-Rohdaten!B47 -> 0.047 | C45: =Rohdaten!C66-Rohdaten!C47 -> 0.002 | D45: =Rohdaten!D66-Rohdaten!D47 -> -0.001 | E45: =Rohdaten!E66-Rohdaten!E47 -> 0 | F45: =Rohdaten!F66-Rohdaten!F47 -> -0.001 | G45: =Rohdaten!G66-Rohdaten!G47 -> 0.002 | H45: =Rohdaten!H66-Rohdaten!H47 -> 0.018 | I45: =Rohdaten!I66-Rohdaten!I47 -> 0.049 | ... M45: =Rohdaten!M66-Rohdaten!M47 -> -0.003 | O45: =Rohdaten!P66-Rohdaten!P47 -> -0.003 | P45: =Rohdaten!Q66-Rohdaten!Q47 -> -0.001 | Q45: =Rohdaten!R66-Rohdaten!R47 -> 0.009 | R45: =Rohdaten!S66-Rohdaten!S47 -> 0 | S45: =Rohdaten!T66-Rohdaten!T47 -> 0.012 | T45: =Rohdaten!U66-Rohdaten!U47 -> 0.038 | U45: =Rohdaten!V66-Rohdaten!V47 -> -0.04 | V45: =Rohdaten!W66-Rohdaten!W47 -> 0.041 | ... Z45: =Rohdaten!AA66-Rohdaten!AA47 -> -0.002 | AB45: =Rohdaten!AD66-Rohdaten!AD47 -> 0.001 | AC45: =Rohdaten!AE66-Rohdaten!AE47 -> -0.001 | AD45: =Rohdaten!AF66-Rohdaten!AF47 -> -0.019 | AE45: =Rohdaten!AG66-Rohdaten!AG47 -> 0.021 | AF45: =Rohdaten!AH66-Rohdaten!AH47 -> -0.001 | AG45: =Rohdaten!AI66-Rohdaten!AI47 -> -0.061 | AH45: =Rohdaten!AJ66-Rohdaten!AJ47 -> 0.026 | AI45: =Rohdaten!AK66-Rohdaten!AK47 -> 0.035 | ... AM45: =Rohdaten!AO66-Rohdaten!AO47 -> -0.002
B46: =Rohdaten!B67-Rohdaten!B48 -> 0.015 | C46: =Rohdaten!C67-Rohdaten!C48 -> 0 | D46: =Rohdaten!D67-Rohdaten!D48 -> -0.002 | E46: =Rohdaten!E67-Rohdaten!E48 -> -0.002 | F46: =Rohdaten!F67-Rohdaten!F48 -> -0.001 | G46: =Rohdaten!G67-Rohdaten!G48 -> -0.001 | H46: =Rohdaten!H67-Rohdaten!H48 -> 0.01 | I46: =Rohdaten!I67-Rohdaten!I48 -> 0.014 | ... M46: =Rohdaten!M67-Rohdaten!M48 -> -0.003 | O46: =Rohdaten!P67-Rohdaten!P48 -> -0.002 | P46: =Rohdaten!Q67-Rohdaten!Q48 -> -0.001 | Q46: =Rohdaten!R67-Rohdaten!R48 -> 0.001 | R46: =Rohdaten!S67-Rohdaten!S48 -> -0.001 | S46: =Rohdaten!T67-Rohdaten!T48 -> 0.004 | T46: =Rohdaten!U67-Rohdaten!U48 -> 0.026 | U46: =Rohdaten!V67-Rohdaten!V48 -> 0.013 | V46: =Rohdaten!W67-Rohdaten!W48 -> 0.021 | ... Z46: =Rohdaten!AA67-Rohdaten!AA48 -> -0.001 | AB46: =Rohdaten!AD67-Rohdaten!AD48 -> -0.002 | AC46: =Rohdaten!AE67-Rohdaten!AE48 -> 0 | AD46: =Rohdaten!AF67-Rohdaten!AF48 -> -0.01 | AE46: =Rohdaten!AG67-Rohdaten!AG48 -> 0.018 | AF46: =Rohdaten!AH67-Rohdaten!AH48 -> -0.002 | AG46: =Rohdaten!AI67-Rohdaten!AI48 -> 0.002 | AH46: =Rohdaten!AJ67-Rohdaten!AJ48 -> 0.02 | AI46: =Rohdaten!AK67-Rohdaten!AK48 -> 0.017 | ... AM46: =Rohdaten!AO67-Rohdaten!AO48 -> -0.001
B47: =Rohdaten!B68-Rohdaten!B49 -> 0.006 | C47: =Rohdaten!C68-Rohdaten!C49 -> 0 | D47: =Rohdaten!D68-Rohdaten!D49 -> -0.001 | E47: =Rohdaten!E68-Rohdaten!E49 -> -0.009 | F47: =Rohdaten!F68-Rohdaten!F49 -> 0.003 | G47: =Rohdaten!G68-Rohdaten!G49 -> -0.002 | H47: =Rohdaten!H68-Rohdaten!H49 -> -0.001 | I47: =Rohdaten!I68-Rohdaten!I49 -> 0.006 | ... M47: =Rohdaten!M68-Rohdaten!M49 -> 0.009 | O47: =Rohdaten!P68-Rohdaten!P49 -> 0.006 | P47: =Rohdaten!Q68-Rohdaten!Q49 -> 0 | Q47: =Rohdaten!R68-Rohdaten!R49 -> -0.001 | R47: =Rohdaten!S68-Rohdaten!S49 -> -0.001 | S47: =Rohdaten!T68-Rohdaten!T49 -> 0.003 | T47: =Rohdaten!U68-Rohdaten!U49 -> -0.002 | U47: =Rohdaten!V68-Rohdaten!V49 -> -0.002 | V47: =Rohdaten!W68-Rohdaten!W49 -> -0.001 | ... Z47: =Rohdaten!AA68-Rohdaten!AA49 -> 0.009 | AB47: =Rohdaten!AD68-Rohdaten!AD49 -> 0.004 | AC47: =Rohdaten!AE68-Rohdaten!AE49 -> -0.001 | AD47: =Rohdaten!AF68-Rohdaten!AF49 -> 0.03 | AE47: =Rohdaten!AG68-Rohdaten!AG49 -> 0.002 | AF47: =Rohdaten!AH68-Rohdaten!AH49 -> 0.031 | AG47: =Rohdaten!AI68-Rohdaten!AI49 -> -0.001 | AH47: =Rohdaten!AJ68-Rohdaten!AJ49 -> -0.001 | AI47: =Rohdaten!AK68-Rohdaten!AK49 -> 0.25 | ... AM47: =Rohdaten!AO68-Rohdaten!AO49 -> 0.008
B48: =Rohdaten!B69-Rohdaten!B50 -> 0.005 | C48: =Rohdaten!C69-Rohdaten!C50 -> -0.001 | D48: =Rohdaten!D69-Rohdaten!D50 -> -0.002 | E48: =Rohdaten!E69-Rohdaten!E50 -> -0.006 | F48: =Rohdaten!F69-Rohdaten!F50 -> -0.001 | G48: =Rohdaten!G69-Rohdaten!G50 -> -0.002 | H48: =Rohdaten!H69-Rohdaten!H50 -> -0.002 | I48: =Rohdaten!I69-Rohdaten!I50 -> -0.001 | ... M48: =Rohdaten!M69-Rohdaten!M50 -> 0 | O48: =Rohdaten!P69-Rohdaten!P50 -> 0.004 | P48: =Rohdaten!Q69-Rohdaten!Q50 -> 0 | Q48: =Rohdaten!R69-Rohdaten!R50 -> -0.002 | R48: =Rohdaten!S69-Rohdaten!S50 -> -0.001 | S48: =Rohdaten!T69-Rohdaten!T50 -> 0 | T48: =Rohdaten!U69-Rohdaten!U50 -> -0.002 | U48: =Rohdaten!V69-Rohdaten!V50 -> -0.002 | V48: =Rohdaten!W69-Rohdaten!W50 -> -0.003 | ... Z48: =Rohdaten!AA69-Rohdaten!AA50 -> 0 | AB48: =Rohdaten!AD69-Rohdaten!AD50 -> 0.002 | AC48: =Rohdaten!AE69-Rohdaten!AE50 -> -0.001 | AD48: =Rohdaten!AF69-Rohdaten!AF50 -> 0 | AE48: =Rohdaten!AG69-Rohdaten!AG50 -> 0.001 | AF48: =Rohdaten!AH69-Rohdaten!AH50 -> 0 | AG48: =Rohdaten!AI69-Rohdaten!AI50 -> -0.002 | AH48: =Rohdaten!AJ69-Rohdaten!AJ50 -> -0.001 | AI48: =Rohdaten!AK69-Rohdaten!AK50 -> 0.048 | ... AM48: =Rohdaten!AO69-Rohdaten!AO50 -> 0
B49: =Rohdaten!B70-Rohdaten!B51 -> -0.002 | C49: =Rohdaten!C70-Rohdaten!C51 -> 0 | D49: =Rohdaten!D70-Rohdaten!D51 -> 0.001 | E49: =Rohdaten!E70-Rohdaten!E51 -> -0.002 | F49: =Rohdaten!F70-Rohdaten!F51 -> -0.02 | G49: =Rohdaten!G70-Rohdaten!G51 -> 0 | H49: =Rohdaten!H70-Rohdaten!H51 -> 0 | I49: =Rohdaten!I70-Rohdaten!I51 -> -0.003 | ... M49: =Rohdaten!M70-Rohdaten!M51 -> 0.158 | O49: =Rohdaten!P70-Rohdaten!P51 -> 0.027 | P49: =Rohdaten!Q70-Rohdaten!Q51 -> -0.001 | Q49: =Rohdaten!R70-Rohdaten!R51 -> -0.002 | R49: =Rohdaten!S70-Rohdaten!S51 -> -0.002 | S49: =Rohdaten!T70-Rohdaten!T51 -> 0.013 | T49: =Rohdaten!U70-Rohdaten!U51 -> 0.023 | U49: =Rohdaten!V70-Rohdaten!V51 -> -0.002 | V49: =Rohdaten!W70-Rohdaten!W51 -> -0.002 | ... Z49: =Rohdaten!AA70-Rohdaten!AA51 -> -0.002 | AB49: =Rohdaten!AD70-Rohdaten!AD51 -> -0.001 | AC49: =Rohdaten!AE70-Rohdaten!AE51 -> -0.001 | AD49: =Rohdaten!AF70-Rohdaten!AF51 -> 0.063 | AE49: =Rohdaten!AG70-Rohdaten!AG51 -> 0.002 | AF49: =Rohdaten!AH70-Rohdaten!AH51 -> 0.001 | AG49: =Rohdaten!AI70-Rohdaten!AI51 -> 0.004 | AH49: =Rohdaten!AJ70-Rohdaten!AJ51 -> -0.001 | AI49: =Rohdaten!AK70-Rohdaten!AK51 -> -0.001 | ... AM49: =Rohdaten!AO70-Rohdaten!AO51 -> -0.002
B50: =Rohdaten!B71-Rohdaten!B52 -> -0.002 | C50: =Rohdaten!C71-Rohdaten!C52 -> -0.001 | D50: =Rohdaten!D71-Rohdaten!D52 -> 0.001 | E50: =Rohdaten!E71-Rohdaten!E52 -> -0.003 | F50: =Rohdaten!F71-Rohdaten!F52 -> -0.034 | G50: =Rohdaten!G71-Rohdaten!G52 -> 0 | H50: =Rohdaten!H71-Rohdaten!H52 -> 0.001 | I50: =Rohdaten!I71-Rohdaten!I52 -> -0.003 | ... M50: =Rohdaten!M71-Rohdaten!M52 -> 0.024 | O50: =Rohdaten!P71-Rohdaten!P52 -> 0.008 | P50: =Rohdaten!Q71-Rohdaten!Q52 -> 0 | Q50: =Rohdaten!R71-Rohdaten!R52 -> -0.002 | R50: =Rohdaten!S71-Rohdaten!S52 -> -0.004 | S50: =Rohdaten!T71-Rohdaten!T52 -> -0.001 | T50: =Rohdaten!U71-Rohdaten!U52 -> 0.018 | U50: =Rohdaten!V71-Rohdaten!V52 -> -0.002 | V50: =Rohdaten!W71-Rohdaten!W52 -> -0.003 | ... Z50: =Rohdaten!AA71-Rohdaten!AA52 -> -0.002 | AB50: =Rohdaten!AD71-Rohdaten!AD52 -> -0.002 | AC50: =Rohdaten!AE71-Rohdaten!AE52 -> 0 | AD50: =Rohdaten!AF71-Rohdaten!AF52 -> 0.017 | AE50: =Rohdaten!AG71-Rohdaten!AG52 -> 0.001 | AF50: =Rohdaten!AH71-Rohdaten!AH52 -> -0.001 | AG50: =Rohdaten!AI71-Rohdaten!AI52 -> -0.001 | AH50: =Rohdaten!AJ71-Rohdaten!AJ52 -> -0.001 | AI50: =Rohdaten!AK71-Rohdaten!AK52 -> -0.001 | ... AM50: =Rohdaten!AO71-Rohdaten!AO52 -> -0.001
... B54: =Rohdaten!B75-Rohdaten!B56 -> 0.008 | C54: =Rohdaten!C75-Rohdaten!C56 -> 0 | D54: =Rohdaten!D75-Rohdaten!D56 -> -0.001 | E54: =Rohdaten!E75-Rohdaten!E56 -> 0.001 | F54: =Rohdaten!F75-Rohdaten!F56 -> 0 | G54: =Rohdaten!G75-Rohdaten!G56 -> -0.001 | H54: =Rohdaten!H75-Rohdaten!H56 -> 0.001 | I54: =Rohdaten!I75-Rohdaten!I56 -> 0 | ... M54: =Rohdaten!M75-Rohdaten!M56 -> -0.001 | O54: =Rohdaten!P75-Rohdaten!P56 -> 0 | P54: =Rohdaten!Q75-Rohdaten!Q56 -> -0.001 | Q54: =Rohdaten!R75-Rohdaten!R56 -> 0.002 | R54: =Rohdaten!S75-Rohdaten!S56 -> -0.002 | S54: =Rohdaten!T75-Rohdaten!T56 -> -0.002 | T54: =Rohdaten!U75-Rohdaten!U56 -> -0.002 | U54: =Rohdaten!V75-Rohdaten!V56 -> 0.002 | V54: =Rohdaten!W75-Rohdaten!W56 -> -0.003 | ... Z54: =Rohdaten!AA75-Rohdaten!AA56 -> -0.002 | AB54: =Rohdaten!AD75-Rohdaten!AD56 -> 0.001 | AC54: =Rohdaten!AE75-Rohdaten!AE56 -> -0.001 | AD54: =Rohdaten!AF75-Rohdaten!AF56 -> 0.23 | AE54: =Rohdaten!AG75-Rohdaten!AG56 -> 0.001 | AF54: =Rohdaten!AH75-Rohdaten!AH56 -> -0.001 | AG54: =Rohdaten!AI75-Rohdaten!AI56 -> 0 | AH54: =Rohdaten!AJ75-Rohdaten!AJ56 -> 0 | AI54: =Rohdaten!AK75-Rohdaten!AK56 -> -0.007 | ... AM54: =Rohdaten!AO75-Rohdaten!AO56 -> -0.001
B56: t3 | C56: - | D56: t4
B57: =Rohdaten!B79-Rohdaten!B60 -> -0.008 | C57: =Rohdaten!C79-Rohdaten!C60 -> -0.009 | D57: =Rohdaten!D79-Rohdaten!D60 -> -0.007 | E57: =Rohdaten!E79-Rohdaten!E60 -> -0.026 | F57: =Rohdaten!F79-Rohdaten!F60 -> -0.005 | G57: =Rohdaten!G79-Rohdaten!G60 -> -0.006 | H57: =Rohdaten!H79-Rohdaten!H60 -> -0.004 | I57: =Rohdaten!I79-Rohdaten!I60 -> -0.004 | ... M57: =Rohdaten!M79-Rohdaten!M60 -> -0.039 | O57: =Rohdaten!P79-Rohdaten!P60 -> -0.007 | P57: =Rohdaten!Q79-Rohdaten!Q60 -> -0.007 | Q57: =Rohdaten!R79-Rohdaten!R60 -> -0.007 | R57: =Rohdaten!S79-Rohdaten!S60 -> -0.008 | S57: =Rohdaten!T79-Rohdaten!T60 -> -0.007 | T57: =Rohdaten!U79-Rohdaten!U60 -> -0.004 | U57: =Rohdaten!V79-Rohdaten!V60 -> -0.006 | V57: =Rohdaten!W79-Rohdaten!W60 -> -0.003 | ... Z57: =Rohdaten!AA79-Rohdaten!AA60 -> -0.008 | AB57: =Rohdaten!AD79-Rohdaten!AD60 -> -0.009 | AC57: =Rohdaten!AE79-Rohdaten!AE60 -> -0.008 | AD57: =Rohdaten!AF79-Rohdaten!AF60 -> -0.007 | AE57: =Rohdaten!AG79-Rohdaten!AG60 -> -0.023 | AF57: =Rohdaten!AH79-Rohdaten!AH60 -> -0.006 | AG57: =Rohdaten!AI79-Rohdaten!AI60 -> -0.006 | AH57: =Rohdaten!AJ79-Rohdaten!AJ60 -> -0.001 | AI57: =Rohdaten!AK79-Rohdaten!AK60 -> 0.026 | ... AM57: =Rohdaten!AO79-Rohdaten!AO60 -> -0.03
B58: =Rohdaten!B80-Rohdaten!B61 -> -0.008 | C58: =Rohdaten!C80-Rohdaten!C61 -> -0.008 | D58: =Rohdaten!D80-Rohdaten!D61 -> -0.008 | E58: =Rohdaten!E80-Rohdaten!E61 -> -0.015 | F58: =Rohdaten!F80-Rohdaten!F61 -> -0.006 | G58: =Rohdaten!G80-Rohdaten!G61 -> -0.008 | H58: =Rohdaten!H80-Rohdaten!H61 -> -0.004 | I58: =Rohdaten!I80-Rohdaten!I61 -> -0.004 | ... M58: =Rohdaten!M80-Rohdaten!M61 -> -0.022 | O58: =Rohdaten!P80-Rohdaten!P61 -> -0.007 | P58: =Rohdaten!Q80-Rohdaten!Q61 -> -0.007 | Q58: =Rohdaten!R80-Rohdaten!R61 -> -0.007 | R58: =Rohdaten!S80-Rohdaten!S61 -> -0.007 | S58: =Rohdaten!T80-Rohdaten!T61 -> -0.007 | T58: =Rohdaten!U80-Rohdaten!U61 -> -0.007 | U58: =Rohdaten!V80-Rohdaten!V61 -> -0.007 | V58: =Rohdaten!W80-Rohdaten!W61 -> -0.004 | ... Z58: =Rohdaten!AA80-Rohdaten!AA61 -> -0.006 | AB58: =Rohdaten!AD80-Rohdaten!AD61 -> -0.007 | AC58: =Rohdaten!AE80-Rohdaten!AE61 -> -0.007 | AD58: =Rohdaten!AF80-Rohdaten!AF61 -> -0.007 | AE58: =Rohdaten!AG80-Rohdaten!AG61 -> -0.013 | AF58: =Rohdaten!AH80-Rohdaten!AH61 -> -0.007 | AG58: =Rohdaten!AI80-Rohdaten!AI61 -> -0.008 | AH58: =Rohdaten!AJ80-Rohdaten!AJ61 -> 0.007 | AI58: =Rohdaten!AK80-Rohdaten!AK61 -> 0.004 | ... AM58: =Rohdaten!AO80-Rohdaten!AO61 -> -0.015
B59: =Rohdaten!B81-Rohdaten!B62 -> -0.007 | C59: =Rohdaten!C81-Rohdaten!C62 -> -0.005 | D59: =Rohdaten!D81-Rohdaten!D62 -> 0.045 | E59: =Rohdaten!E81-Rohdaten!E62 -> 0.002 | F59: =Rohdaten!F81-Rohdaten!F62 -> 0.02 | G59: =Rohdaten!G81-Rohdaten!G62 -> 0.124 | H59: =Rohdaten!H81-Rohdaten!H62 -> -0.011 | I59: =Rohdaten!I81-Rohdaten!I62 -> -0.006 | ... M59: =Rohdaten!M81-Rohdaten!M62 -> -0.001 | O59: =Rohdaten!P81-Rohdaten!P62 -> -0.005 | P59: =Rohdaten!Q81-Rohdaten!Q62 -> -0.004 | Q59: =Rohdaten!R81-Rohdaten!R62 -> 0.011 | R59: =Rohdaten!S81-Rohdaten!S62 -> 0.092 | S59: =Rohdaten!T81-Rohdaten!T62 -> 0.019 | T59: =Rohdaten!U81-Rohdaten!U62 -> 0.171 | U59: =Rohdaten!V81-Rohdaten!V62 -> 0.025 | V59: =Rohdaten!W81-Rohdaten!W62 -> 0.047 | ... Z59: =Rohdaten!AA81-Rohdaten!AA62 -> 0 | AB59: =Rohdaten!AD81-Rohdaten!AD62 -> -0.007 | AC59: =Rohdaten!AE81-Rohdaten!AE62 -> -0.005 | AD59: =Rohdaten!AF81-Rohdaten!AF62 -> 0.009 | AE59: =Rohdaten!AG81-Rohdaten!AG62 -> 0.041 | AF59: =Rohdaten!AH81-Rohdaten!AH62 -> 0.012 | AG59: =Rohdaten!AI81-Rohdaten!AI62 -> 0.132 | AH59: =Rohdaten!AJ81-Rohdaten!AJ62 -> -0.004 | AI59: =Rohdaten!AK81-Rohdaten!AK62 -> -0.009 | ... AM59: =Rohdaten!AO81-Rohdaten!AO62 -> 0
B60: =Rohdaten!B82-Rohdaten!B63 -> -0.007 | C60: =Rohdaten!C82-Rohdaten!C63 -> -0.004 | D60: =Rohdaten!D82-Rohdaten!D63 -> 0.007 | E60: =Rohdaten!E82-Rohdaten!E63 -> -0.004 | F60: =Rohdaten!F82-Rohdaten!F63 -> 0.001 | G60: =Rohdaten!G82-Rohdaten!G63 -> 0.071 | H60: =Rohdaten!H82-Rohdaten!H63 -> -0.013 | I60: =Rohdaten!I82-Rohdaten!I63 -> -0.009 | ... M60: =Rohdaten!M82-Rohdaten!M63 -> -0.004 | O60: =Rohdaten!P82-Rohdaten!P63 -> -0.006 | P60: =Rohdaten!Q82-Rohdaten!Q63 -> -0.005 | Q60: =Rohdaten!R82-Rohdaten!R63 -> 0.001 | R60: =Rohdaten!S82-Rohdaten!S63 -> 0.024 | S60: =Rohdaten!T82-Rohdaten!T63 -> 0.001 | T60: =Rohdaten!U82-Rohdaten!U63 -> 0.085 | U60: =Rohdaten!V82-Rohdaten!V63 -> 0.01 | V60: =Rohdaten!W82-Rohdaten!W63 -> 0.03 | ... Z60: =Rohdaten!AA82-Rohdaten!AA63 -> -0.003 | AB60: =Rohdaten!AD82-Rohdaten!AD63 -> -0.007 | AC60: =Rohdaten!AE82-Rohdaten!AE63 -> -0.004 | AD60: =Rohdaten!AF82-Rohdaten!AF63 -> 0.002 | AE60: =Rohdaten!AG82-Rohdaten!AG63 -> 0.025 | AF60: =Rohdaten!AH82-Rohdaten!AH63 -> -0.001 | AG60: =Rohdaten!AI82-Rohdaten!AI63 -> 0.076 | AH60: =Rohdaten!AJ82-Rohdaten!AJ63 -> -0.006 | AI60: =Rohdaten!AK82-Rohdaten!AK63 -> -0.011 | ... AM60: =Rohdaten!AO82-Rohdaten!AO63 -> -0.003
B61: =Rohdaten!B83-Rohdaten!B64 -> 0.098 | C61: =Rohdaten!C83-Rohdaten!C64 -> -0.003 | D61: =Rohdaten!D83-Rohdaten!D64 -> -0.005 | E61: =Rohdaten!E83-Rohdaten!E64 -> 0.152 | F61: =Rohdaten!F83-Rohdaten!F64 -> -0.017 | G61: =Rohdaten!G83-Rohdaten!G64 -> -0.032 | H61: =Rohdaten!H83-Rohdaten!H64 -> -0.005 | I61: =Rohdaten!I83-Rohdaten!I64 -> -0.02 | ... M61: =Rohdaten!M83-Rohdaten!M64 -> 0.039 | O61: =Rohdaten!P83-Rohdaten!P64 -> -0.005 | P61: =Rohdaten!Q83-Rohdaten!Q64 -> 0 | Q61: =Rohdaten!R83-Rohdaten!R64 -> -0.014 | R61: =Rohdaten!S83-Rohdaten!S64 -> 0.253 | S61: =Rohdaten!T83-Rohdaten!T64 -> 0.015 | T61: =Rohdaten!U83-Rohdaten!U64 -> -0.006 | U61: =Rohdaten!V83-Rohdaten!V64 -> 0.029 | V61: =Rohdaten!W83-Rohdaten!W64 -> -0.021 | ... Z61: =Rohdaten!AA83-Rohdaten!AA64 -> 0.047 | AB61: =Rohdaten!AD83-Rohdaten!AD64 -> 0.06 | AC61: =Rohdaten!AE83-Rohdaten!AE64 -> -0.004 | AD61: =Rohdaten!AF83-Rohdaten!AF64 -> -0.004 | AE61: =Rohdaten!AG83-Rohdaten!AG64 -> 0.198 | AF61: =Rohdaten!AH83-Rohdaten!AH64 -> 0.218 | AG61: =Rohdaten!AI83-Rohdaten!AI64 -> -0.005 | AH61: =Rohdaten!AJ83-Rohdaten!AJ64 -> -0.012 | AI61: =Rohdaten!AK83-Rohdaten!AK64 -> -0.012 | ... AM61: =Rohdaten!AO83-Rohdaten!AO64 -> 0.062
B62: =Rohdaten!B84-Rohdaten!B65 -> 0.021 | C62: =Rohdaten!C84-Rohdaten!C65 -> -0.005 | D62: =Rohdaten!D84-Rohdaten!D65 -> -0.005 | E62: =Rohdaten!E84-Rohdaten!E65 -> 0.101 | F62: =Rohdaten!F84-Rohdaten!F65 -> -0.009 | G62: =Rohdaten!G84-Rohdaten!G65 -> -0.016 | H62: =Rohdaten!H84-Rohdaten!H65 -> -0.006 | I62: =Rohdaten!I84-Rohdaten!I65 -> -0.013 | ... M62: =Rohdaten!M84-Rohdaten!M65 -> 0.032 | O62: =Rohdaten!P84-Rohdaten!P65 -> -0.005 | P62: =Rohdaten!Q84-Rohdaten!Q65 -> -0.002 | Q62: =Rohdaten!R84-Rohdaten!R65 -> -0.01 | R62: =Rohdaten!S84-Rohdaten!S65 -> 0.156 | S62: =Rohdaten!T84-Rohdaten!T65 -> 0.007 | T62: =Rohdaten!U84-Rohdaten!U65 -> -0.004 | U62: =Rohdaten!V84-Rohdaten!V65 -> -0.005 | V62: =Rohdaten!W84-Rohdaten!W65 -> -0.013 | ... Z62: =Rohdaten!AA84-Rohdaten!AA65 -> 0.031 | AB62: =Rohdaten!AD84-Rohdaten!AD65 -> 0.008 | AC62: =Rohdaten!AE84-Rohdaten!AE65 -> -0.004 | AD62: =Rohdaten!AF84-Rohdaten!AF65 -> -0.004 | AE62: =Rohdaten!AG84-Rohdaten!AG65 -> 0.141 | AF62: =Rohdaten!AH84-Rohdaten!AH65 -> 0.119 | AG62: =Rohdaten!AI84-Rohdaten!AI65 -> -0.004 | AH62: =Rohdaten!AJ84-Rohdaten!AJ65 -> -0.011 | AI62: =Rohdaten!AK84-Rohdaten!AK65 -> -0.008 | ... AM62: =Rohdaten!AO84-Rohdaten!AO65 -> 0.031
B63: =Rohdaten!B85-Rohdaten!B66 -> -0.005 | C63: =Rohdaten!C85-Rohdaten!C66 -> -0.004 | D63: =Rohdaten!D85-Rohdaten!D66 -> -0.004 | E63: =Rohdaten!E85-Rohdaten!E66 -> 0.004 | F63: =Rohdaten!F85-Rohdaten!F66 -> -0.004 | G63: =Rohdaten!G85-Rohdaten!G66 -> 0.014 | H63: =Rohdaten!H85-Rohdaten!H66 -> 0.048 | I63: =Rohdaten!I85-Rohdaten!I66 -> 0.014 | ... M63: =Rohdaten!M85-Rohdaten!M66 -> -0.009 | O63: =Rohdaten!P85-Rohdaten!P66 -> -0.006 | P63: =Rohdaten!Q85-Rohdaten!Q66 -> -0.004 | Q63: =Rohdaten!R85-Rohdaten!R66 -> 0.045 | R63: =Rohdaten!S85-Rohdaten!S66 -> 0.005 | S63: =Rohdaten!T85-Rohdaten!T66 -> 0.01 | T63: =Rohdaten!U85-Rohdaten!U66 -> 0.017 | U63: =Rohdaten!V85-Rohdaten!V66 -> 0.064 | V63: =Rohdaten!W85-Rohdaten!W66 -> 0.29 | ... Z63: =Rohdaten!AA85-Rohdaten!AA66 -> -0.006 | AB63: =Rohdaten!AD85-Rohdaten!AD66 -> 0.21 | AC63: =Rohdaten!AE85-Rohdaten!AE66 -> -0.004 | AD63: =Rohdaten!AF85-Rohdaten!AF66 -> -0.008 | AE63: =Rohdaten!AG85-Rohdaten!AG66 -> 0.008 | AF63: =Rohdaten!AH85-Rohdaten!AH66 -> -0.003 | AG63: =Rohdaten!AI85-Rohdaten!AI66 -> 0.011 | AH63: =Rohdaten!AJ85-Rohdaten!AJ66 -> 0.125 | AI63: =Rohdaten!AK85-Rohdaten!AK66 -> 0.27 | ... AM63: =Rohdaten!AO85-Rohdaten!AO66 -> -0.008
B64: =Rohdaten!B86-Rohdaten!B67 -> 0.001 | C64: =Rohdaten!C86-Rohdaten!C67 -> -0.004 | D64: =Rohdaten!D86-Rohdaten!D67 -> -0.005 | E64: =Rohdaten!E86-Rohdaten!E67 -> -0.004 | F64: =Rohdaten!F86-Rohdaten!F67 -> -0.006 | G64: =Rohdaten!G86-Rohdaten!G67 -> 0 | H64: =Rohdaten!H86-Rohdaten!H67 -> 0.027 | I64: =Rohdaten!I86-Rohdaten!I67 -> 0.016 | ... M64: =Rohdaten!M86-Rohdaten!M67 -> -0.007 | O64: =Rohdaten!P86-Rohdaten!P67 -> -0.008 | P64: =Rohdaten!Q86-Rohdaten!Q67 -> -0.004 | Q64: =Rohdaten!R86-Rohdaten!R67 -> 0.005 | R64: =Rohdaten!S86-Rohdaten!S67 -> -0.004 | S64: =Rohdaten!T86-Rohdaten!T67 -> 0.001 | T64: =Rohdaten!U86-Rohdaten!U67 -> -0.027 | U64: =Rohdaten!V86-Rohdaten!V67 -> 0.027 | V64: =Rohdaten!W86-Rohdaten!W67 -> 0.156 | ... Z64: =Rohdaten!AA86-Rohdaten!AA67 -> -0.006 | AB64: =Rohdaten!AD86-Rohdaten!AD67 -> 0.099 | AC64: =Rohdaten!AE86-Rohdaten!AE67 -> -0.004 | AD64: =Rohdaten!AF86-Rohdaten!AF67 -> -0.005 | AE64: =Rohdaten!AG86-Rohdaten!AG67 -> 0.002 | AF64: =Rohdaten!AH86-Rohdaten!AH67 -> -0.003 | AG64: =Rohdaten!AI86-Rohdaten!AI67 -> -0.001 | AH64: =Rohdaten!AJ86-Rohdaten!AJ67 -> 0.088 | AI64: =Rohdaten!AK86-Rohdaten!AK67 -> 0.114 | ... AM64: =Rohdaten!AO86-Rohdaten!AO67 -> -0.007
B65: =Rohdaten!B87-Rohdaten!B68 -> 0 | C65: =Rohdaten!C87-Rohdaten!C68 -> -0.001 | D65: =Rohdaten!D87-Rohdaten!D68 -> -0.004 | E65: =Rohdaten!E87-Rohdaten!E68 -> -0.033 | F65: =Rohdaten!F87-Rohdaten!F68 -> 0.017 | G65: =Rohdaten!G87-Rohdaten!G68 -> -0.003 | H65: =Rohdaten!H87-Rohdaten!H68 -> -0.004 | I65: =Rohdaten!I87-Rohdaten!I68 -> 0.982 | ... M65: =Rohdaten!M87-Rohdaten!M68 -> 0.042 | O65: =Rohdaten!P87-Rohdaten!P68 -> 0.005 | P65: =Rohdaten!Q87-Rohdaten!Q68 -> 0 | Q65: =Rohdaten!R87-Rohdaten!R68 -> -0.004 | R65: =Rohdaten!S87-Rohdaten!S68 -> 0.008 | S65: =Rohdaten!T87-Rohdaten!T68 -> 0.014 | T65: =Rohdaten!U87-Rohdaten!U68 -> 0.027 | U65: =Rohdaten!V87-Rohdaten!V68 -> -0.004 | V65: =Rohdaten!W87-Rohdaten!W68 -> 0.028 | ... Z65: =Rohdaten!AA87-Rohdaten!AA68 -> 0.05 | AB65: =Rohdaten!AD87-Rohdaten!AD68 -> -0.005 | AC65: =Rohdaten!AE87-Rohdaten!AE68 -> -0.002 | AD65: =Rohdaten!AF87-Rohdaten!AF68 -> 0.113 | AE65: =Rohdaten!AG87-Rohdaten!AG68 -> -0.011 | AF65: =Rohdaten!AH87-Rohdaten!AH68 -> 0.025 | AG65: =Rohdaten!AI87-Rohdaten!AI68 -> -0.004 | AH65: =Rohdaten!AJ87-Rohdaten!AJ68 -> -0.005 | AI65: =Rohdaten!AK87-Rohdaten!AK68 -> 0.597 | ... AM65: =Rohdaten!AO87-Rohdaten!AO68 -> 0.05
B66: =Rohdaten!B88-Rohdaten!B69 -> -0.001 | C66: =Rohdaten!C88-Rohdaten!C69 -> -0.002 | D66: =Rohdaten!D88-Rohdaten!D69 -> -0.005 | E66: =Rohdaten!E88-Rohdaten!E69 -> -0.03 | F66: =Rohdaten!F88-Rohdaten!F69 -> -0.003 | G66: =Rohdaten!G88-Rohdaten!G69 -> -0.006 | H66: =Rohdaten!H88-Rohdaten!H69 -> -0.005 | I66: =Rohdaten!I88-Rohdaten!I69 -> 0.211 | ... M66: =Rohdaten!M88-Rohdaten!M69 -> -0.003 | O66: =Rohdaten!P88-Rohdaten!P69 -> 0.001 | P66: =Rohdaten!Q88-Rohdaten!Q69 -> -0.002 | Q66: =Rohdaten!R88-Rohdaten!R69 -> -0.004 | R66: =Rohdaten!S88-Rohdaten!S69 -> 0.006 | S66: =Rohdaten!T88-Rohdaten!T69 -> -0.003 | T66: =Rohdaten!U88-Rohdaten!U69 -> -0.005 | U66: =Rohdaten!V88-Rohdaten!V69 -> -0.006 | V66: =Rohdaten!W88-Rohdaten!W69 -> 0.018 | ... Z66: =Rohdaten!AA88-Rohdaten!AA69 -> -0.003 | AB66: =Rohdaten!AD88-Rohdaten!AD69 -> -0.004 | AC66: =Rohdaten!AE88-Rohdaten!AE69 -> -0.002 | AD66: =Rohdaten!AF88-Rohdaten!AF69 -> 0.001 | AE66: =Rohdaten!AG88-Rohdaten!AG69 -> -0.007 | AF66: =Rohdaten!AH88-Rohdaten!AH69 -> -0.002 | AG66: =Rohdaten!AI88-Rohdaten!AI69 -> -0.005 | AH66: =Rohdaten!AJ88-Rohdaten!AJ69 -> -0.005 | AI66: =Rohdaten!AK88-Rohdaten!AK69 -> 0.23 | ... AM66: =Rohdaten!AO88-Rohdaten!AO69 -> -0.002
B67: =Rohdaten!B89-Rohdaten!B70 -> -0.006 | C67: =Rohdaten!C89-Rohdaten!C70 -> -0.003 | D67: =Rohdaten!D89-Rohdaten!D70 -> -0.005 | E67: =Rohdaten!E89-Rohdaten!E70 -> -0.004 | F67: =Rohdaten!F89-Rohdaten!F70 -> -0.001 | G67: =Rohdaten!G89-Rohdaten!G70 -> -0.005 | H67: =Rohdaten!H89-Rohdaten!H70 -> 0.017 | I67: =Rohdaten!I89-Rohdaten!I70 -> -0.005 | ... M67: =Rohdaten!M89-Rohdaten!M70 -> -0.186 | O67: =Rohdaten!P89-Rohdaten!P70 -> 0.037 | P67: =Rohdaten!Q89-Rohdaten!Q70 -> -0.004 | Q67: =Rohdaten!R89-Rohdaten!R70 -> -0.003 | R67: =Rohdaten!S89-Rohdaten!S70 -> -0.005 | S67: =Rohdaten!T89-Rohdaten!T70 -> 0.096 | T67: =Rohdaten!U89-Rohdaten!U70 -> -0.001 | U67: =Rohdaten!V89-Rohdaten!V70 -> -0.007 | V67: =Rohdaten!W89-Rohdaten!W70 -> 0.028 | ... Z67: =Rohdaten!AA89-Rohdaten!AA70 -> -0.004 | AB67: =Rohdaten!AD89-Rohdaten!AD70 -> -0.004 | AC67: =Rohdaten!AE89-Rohdaten!AE70 -> -0.004 | AD67: =Rohdaten!AF89-Rohdaten!AF70 -> -0.039 | AE67: =Rohdaten!AG89-Rohdaten!AG70 -> 0.033 | AF67: =Rohdaten!AH89-Rohdaten!AH70 -> 0.004 | AG67: =Rohdaten!AI89-Rohdaten!AI70 -> -0.009 | AH67: =Rohdaten!AJ89-Rohdaten!AJ70 -> -0.007 | AI67: =Rohdaten!AK89-Rohdaten!AK70 -> -0.004 | ... AM67: =Rohdaten!AO89-Rohdaten!AO70 -> -0.006
B68: =Rohdaten!B90-Rohdaten!B71 -> -0.006 | C68: =Rohdaten!C90-Rohdaten!C71 -> -0.004 | D68: =Rohdaten!D90-Rohdaten!D71 -> -0.007 | E68: =Rohdaten!E90-Rohdaten!E71 -> -0.006 | F68: =Rohdaten!F90-Rohdaten!F71 -> -0.009 | G68: =Rohdaten!G90-Rohdaten!G71 -> -0.007 | H68: =Rohdaten!H90-Rohdaten!H71 -> 0.001 | I68: =Rohdaten!I90-Rohdaten!I71 -> -0.006 | ... M68: =Rohdaten!M90-Rohdaten!M71 -> -0.071 | O68: =Rohdaten!P90-Rohdaten!P71 -> 0.006 | P68: =Rohdaten!Q90-Rohdaten!Q71 -> -0.005 | Q68: =Rohdaten!R90-Rohdaten!R71 -> -0.005 | R68: =Rohdaten!S90-Rohdaten!S71 -> -0.006 | S68: =Rohdaten!T90-Rohdaten!T71 -> 0.013 | T68: =Rohdaten!U90-Rohdaten!U71 -> -0.011 | U68: =Rohdaten!V90-Rohdaten!V71 -> -0.006 | V68: =Rohdaten!W90-Rohdaten!W71 -> 0.019 | ... Z68: =Rohdaten!AA90-Rohdaten!AA71 -> -0.007 | AB68: =Rohdaten!AD90-Rohdaten!AD71 -> -0.005 | AC68: =Rohdaten!AE90-Rohdaten!AE71 -> -0.005 | AD68: =Rohdaten!AF90-Rohdaten!AF71 -> -0.022 | AE68: =Rohdaten!AG90-Rohdaten!AG71 -> 0.003 | AF68: =Rohdaten!AH90-Rohdaten!AH71 -> -0.006 | AG68: =Rohdaten!AI90-Rohdaten!AI71 -> -0.004 | AH68: =Rohdaten!AJ90-Rohdaten!AJ71 -> -0.006 | AI68: =Rohdaten!AK90-Rohdaten!AK71 -> -0.005 | ... AM68: =Rohdaten!AO90-Rohdaten!AO71 -> -0.007
... B72: =Rohdaten!B94-Rohdaten!B75 -> 0.043 | C72: =Rohdaten!C94-Rohdaten!C75 -> -0.003 | D72: =Rohdaten!D94-Rohdaten!D75 -> -0.007 | E72: =Rohdaten!E94-Rohdaten!E75 -> 0.027 | F72: =Rohdaten!F94-Rohdaten!F75 -> -0.006 | G72: =Rohdaten!G94-Rohdaten!G75 -> -0.003 | H72: =Rohdaten!H94-Rohdaten!H75 -> -0.003 | I72: =Rohdaten!I94-Rohdaten!I75 -> -0.009 | ... M72: =Rohdaten!M94-Rohdaten!M75 -> -0.009 | O72: =Rohdaten!P94-Rohdaten!P75 -> -0.003 | P72: =Rohdaten!Q94-Rohdaten!Q75 -> -0.001 | Q72: =Rohdaten!R94-Rohdaten!R75 -> 0.345 | R72: =Rohdaten!S94-Rohdaten!S75 -> -0.007 | S72: =Rohdaten!T94-Rohdaten!T75 -> -0.007 | T72: =Rohdaten!U94-Rohdaten!U75 -> -0.006 | U72: =Rohdaten!V94-Rohdaten!V75 -> -0.008 | V72: =Rohdaten!W94-Rohdaten!W75 -> -0.007 | ... Z72: =Rohdaten!AA94-Rohdaten!AA75 -> -0.011 | AB72: =Rohdaten!AD94-Rohdaten!AD75 -> 0.004 | AC72: =Rohdaten!AE94-Rohdaten!AE75 -> -0.003 | AD72: =Rohdaten!AF94-Rohdaten!AF75 -> -0.078 | AE72: =Rohdaten!AG94-Rohdaten!AG75 -> 0.027 | AF72: =Rohdaten!AH94-Rohdaten!AH75 -> -0.005 | AG72: =Rohdaten!AI94-Rohdaten!AI75 -> -0.006 | AH72: =Rohdaten!AJ94-Rohdaten!AJ75 -> -0.006 | AI72: =Rohdaten!AK94-Rohdaten!AK75 -> 0.001 | ... AM72: =Rohdaten!AO94-Rohdaten!AO75 -> -0.003

Sheet Modell
B2: 1 | C2: 2 | D2: 3 | E2: 4 | F2: 5 | G2: 6 | H2: 7 | I2: 8 | J2: 9 | K2: 10 | L2: 11 | M2: 12 | P2: 1 | Q2: 2 | R2: 3 | S2: 4 | T2: 5 | U2: 6 | V2: 7 | W2: 8 | X2: 9 | Y2: 10 | Z2: 11 | AA2: 12 | AD2: 1 | AE2: 2 | AF2: 3 | AG2: 4 | AH2: 5 | AI2: 6 | AJ2: 7 | AK2: 8 | AL2: 9 | AM2: 10 | AN2: 11 | AO2: 12 | AR2: 1 | AS2: 2 | AT2: 3 | AU2: 4 | AV2: 5 | AW2: 6 | AX2: 7 | AY2: 8 | AZ2: 9 | BA2: 10 | BB2: 11 | BC2: 12
A3: A | B3: 0.149 | C3: 0.172 | D3: 0.196 | E3: 0.201 | F3: 0.14 | G3: 0.193 | H3: 0.13 | I3: 0.152 | J3: 0.153 | K3: 0.556 | L3: 0.189 | M3: 0.301 | N3: 490 | O3: A | P3: 0.147 | Q3: 0.136 | R3: 0.143 | S3: 0.16 | T3: 0.144 | U3: 0.198 | V3: 0.156 | W3: 0.156 | X3: 0.159 | Y3: 0.533 | Z3: 0.157 | AA3: 0.322 | AB3: 490 | AC3: A | AD3: 0.145 | AE3: 0.147 | AF3: 0.142 | AG3: 0.186 | AH3: 0.148 | AI3: 0.196 | AJ3: 0.152 | AK3: 0.248 | AL3: 0.184 | AM3: 0.504 | AN3: 0.157 | AO3: 0.312 | AP3: 490 | AQ3: A | AR3: 0.258 | AS3: 0.24 | AT3: 0.233 | AU3: 0.203 | AV3: 0.201 | AW3: 0.237 | AX3: 0.199 | AY3: 0.173 | AZ3: 0.131 | BA3: 0.157 | BB3: 0.177 | BC3: 0.177
B4: 0.102 | C4: 0.108 | D4: 0.121 | E4: 0.125 | F4: 0.1 | G4: 0.12 | H4: 0.088 | I4: 0.098 | J4: 0.107 | K4: 0.318 | L4: 0.113 | M4: 0.172 | N4: 750 | P4: 0.101 | Q4: 0.093 | R4: 0.101 | S4: 0.111 | T4: 0.103 | U4: 0.124 | V4: 0.106 | W4: 0.101 | X4: 0.112 | Y4: 0.307 | Z4: 0.106 | AA4: 0.18 | AB4: 750 | AD4: 0.1 | AE4: 0.1 | AF4: 0.1 | AG4: 0.122 | AH4: 0.104 | AI4: 0.122 | AJ4: 0.112 | AK4: 0.139 | AL4: 0.121 | AM4: 0.289 | AN4: 0.108 | AO4: 0.177 | AP4: 750 | AR4: 0.251 | AS4: 0.243 | AT4: 0.229 | AU4: 0.18 | AV4: 0.194 | AW4: 0.216 | AX4: 0.19 | AY4: 0.141 | AZ4: 0.064 | BA4: 0.139 | BB4: 0.167 | BC4: 0.069
A5: B | B5: 0.149 | C5: 0.136 | D5: 0.247 | E5: 0.336 | F5: 0.449 | G5: 0.758 | H5: 0.488 | I5: 0.167 | J5: 0.347 | K5: 0.812 | L5: 0.209 | M5: 0.139 | N5: 490 | O5: B | P5: 0.151 | Q5: 0.131 | R5: 0.22 | S5: 0.4 | T5: 0.462 | U5: 0.715 | V5: 0.537 | W5: 0.222 | X5: 0.41 | Y5: 0.718 | Z5: 0.44 | AA5: 0.141 | AB5: 490 | AC5: B | AD5: 0.151 | AE5: 0.136 | AF5: 0.198 | AG5: 0.362 | AH5: 0.372 | AI5: 0.686 | AJ5: 0.499 | AK5: 0.194 | AL5: 0.293 | AM5: 0.747 | AN5: 0.194 | AO5: 0.141 | AP5: 490 | AQ5: B | AR5: 0.255 | AS5: 0.236 | AT5: 0.261 | AU5: 0.168 | AV5: 0.418 | AW5: 0.233 | AX5: 0.244 | AY5: 0.159 | AZ5: 0.341 | BA5: 0.187 | BB5: 0.177 | BC5: 0.216
B6: 0.103 | C6: 0.095 | D6: 0.13 | E6: 0.208 | F6: 0.133 | G6: 0.374 | H6: 0.307 | I6: 0.111 | J6: 0.11 | K6: 0.488 | L6: 0.138 | M6: 0.089 | N6: 750 | P6: 0.103 | Q6: 0.091 | R6: 0.128 | S6: 0.239 | T6: 0.135 | U6: 0.356 | V6: 0.332 | W6: 0.149 | X6: 0.124 | Y6: 0.427 | Z6: 0.182 | AA6: 0.091 | AB6: 750 | AD6: 0.104 | AE6: 0.094 | AF6: 0.125 | AG6: 0.248 | AH6: 0.129 | AI6: 0.339 | AJ6: 0.324 | AK6: 0.112 | AL6: 0.103 | AM6: 0.451 | AN6: 0.134 | AO6: 0.092 | AP6: 750 | AR6: 0.257 | AS6: 0.247 | AT6: 0.233 | AU6: 0.161 | AV6: 0.205 | AW6: 0.236 | AX6: 0.251 | AY6: 0.15 | AZ6: 0.166 | BA6: 0.188 | BB6: 0.168 | BC6: 0.202
A7: C | B7: 0.269 | C7: 0.138 | D7: 0.152 | E7: 0.776 | F7: 0.236 | G7: 0.175 | H7: 0.16 | I7: 0.207 | J7: 0.159 | K7: 0.16 | L7: 0.156 | M7: 1.003 | N7: 490 | O7: C | P7: 0.16 | Q7: 0.147 | R7: 0.173 | S7: 0.849 | T7: 0.294 | U7: 0.159 | V7: 0.199 | W7: 0.21 | X7: 0.2 | Y7: 0.195 | Z7: 0.163 | AA7: 0.949 | AB7: 490 | AC7: C | AD7: 0.218 | AE7: 0.145 | AF7: 0.152 | AG7: 0.826 | AH7: 0.595 | AI7: 0.154 | AJ7: 0.162 | AK7: 0.184 | AL7: 0.157 | AM7: 0.213 | AN7: 0.153 | AO7: 0.992 | AP7: 490 | AQ7: C | AR7: 0.261 | AS7: 0.221 | AT7: 0.218 | AU7: 0.177 | AV7: 0.19 | AW7: 0.159 | AX7: 0.259 | AY7: 0.195 | AZ7: 0.178 | BA7: 0.131 | BB7: 0.138 | BC7: 0.229
B8: 0.134 | C8: 0.094 | D8: 0.106 | E8: 0.454 | F8: 0.16 | G8: 0.116 | H8: 0.11 | I8: 0.103 | J8: 0.111 | K8: 0.108 | L8: 0.111 | M8: 0.569 | N8: 750 | P8: 0.107 | Q8: 0.1 | R8: 0.114 | S8: 0.488 | T8: 0.195 | U8: 0.112 | V8: 0.114 | W8: 0.107 | X8: 0.139 | Y8: 0.105 | Z8: 0.114 | AA8: 0.517 | AB8: 750 | AD8: 0.112 | AE8: 0.1 | AF8: 0.106 | AG8: 0.498 | AH8: 0.364 | AI8: 0.109 | AJ8: 0.112 | AK8: 0.105 | AL8: 0.11 | AM8: 0.146 | AN8: 0.11 | AO8: 0.553 | AP8: 750 | AR8: 0.251 | AS8: 0.228 | AT8: 0.228 | AU8: 0.18 | AV8: 0.192 | AW8: 0.154 | AX8: 0.267 | AY8: 0.194 | AZ8: 0.181 | BA8: 0.135 | BB8: 0.138 | BC8: 0.165
A9: D | B9: 0.288 | C9: 0.145 | D9: 0.147 | E9: 0.15 | F9: 0.146 | G9: 0.296 | H9: 0.634 | I9: 0.651 | J9: 0.14 | K9: 1.69 | L9: 0.143 | M9: 0.141 | N9: 490 | O9: D | P9: 0.152 | Q9: 0.145 | R9: 0.217 | S9: 0.153 | T9: 0.213 | U9: 0.34 | V9: 0.686 | W9: 0.882 | X9: 0.172 | Y9: 0.159 | Z9: 0.145 | AA9: 0.14 | AB9: 490 | AC9: D | AD9: 0.37 | AE9: 0.146 | AF9: 0.181 | AG9: 0.165 | AH9: 0.159 | AI9: 0.267 | AJ9: 0.738 | AK9: 0.829 | AL9: 0.144 | AM9: 0.164 | AN9: 0.141 | AO9: 0.14 | AP9: 490 | AQ9: D | AR9: 0.123 | AS9: 0.209 | AT9: 0.197 | AU9: 0.192 | AV9: 0.156 | AW9: 0.225 | AX9: 0.274 | AY9: 0.199 | AZ9: 0.191 | BA9: 0.186 | BB9: 0.181 | BC9: 0.198
B10: 0.16 | C10: 0.103 | D10: 0.102 | E10: 0.08 | F10: 0.102 | G10: 0.149 | H10: 0.281 | I10: 0.317 | J10: 0.095 | K10: 0.598 | L10: 0.1 | M10: 0.098 | N10: 750 | P10: 0.103 | Q10: 0.102 | R10: 0.12 | S10: 0.08 | T10: 0.133 | U10: 0.151 | V10: 0.307 | W10: 0.5 | X10: 0.097 | Y10: 0.113 | Z10: 0.101 | AA10: 0.097 | AB10: 750 | AD10: 0.208 | AE10: 0.102 | AF10: 0.118 | AG10: 0.102 | AH10: 0.111 | AI10: 0.15 | AJ10: 0.341 | AK10: 0.429 | AL10: 0.098 | AM10: 0.117 | AN10: 0.1 | AO10: 0.098 | AP10: 750 | AR10: 0.094 | AS10: 0.221 | AT10: 0.201 | AU10: 0.159 | AV10: 0.152 | AW10: 0.158 | AX10: 0.277 | AY10: 0.199 | AZ10: 0.197 | BA10: 0.193 | BB10: 0.184 | BC10: 0.178
A11: E | B11: 0.106 | C11: 0.132 | D11: 0.144 | E11: 0.29 | F11: 0.435 | G11: 0.157 | H11: 0.155 | I11: 1.151 | J11: 0.889 | K11: 0.151 | L11: 0.138 | M11: 0.432 | N11: 490 | O11: E | P11: 0.1 | Q11: 0.13 | R11: 0.148 | S11: 0.291 | T11: 0.459 | U11: 0.187 | V11: 0.162 | W11: 0.191 | X11: 0.662 | Y11: 0.153 | Z11: 0.169 | AA11: 0.458 | AB11: 490 | AC11: E | AD11: 0.09 | AE11: 0.133 | AF11: 0.454 | AG11: 0.294 | AH11: 0.468 | AI11: 0.153 | AJ11: 0.159 | AK11: 1.372 | AL11: 0.664 | AM11: 0.19 | AN11: 0.141 | AO11: 0.419 | AP11: 490 | AQ11: E | AR11: 0.255 | AS11: 0.231 | AT11: 0.15 | AU11: 0.318 | AV11: 0.43 | AW11: 0.148 | AX11: 0.261 | AY11: 0.153 | AZ11: 0.231 | BA11: 0.198 | BB11: 0.207 | BC11: 0.463
B12: 0.072 | C12: 0.092 | D12: 0.102 | E12: 0.212 | F12: 0.091 | G12: 0.106 | H12: 0.106 | I12: 0.324 | J12: 0.302 | K12: 0.101 | L12: 0.099 | M12: 0.114 | N12: 750 | P12: 0.065 | Q12: 0.09 | R12: 0.106 | S12: 0.215 | T12: 0.097 | U12: 0.107 | V12: 0.109 | W12: 0.133 | X12: 0.203 | Y12: 0.101 | Z12: 0.11 | AA12: 0.116 | AB12: 750 | AD12: 0.06 | AE12: 0.092 | AF12: 0.159 | AG12: 0.205 | AH12: 0.096 | AI12: 0.104 | AJ12: 0.108 | AK12: 0.495 | AL12: 0.233 | AM12: 0.126 | AN12: 0.102 | AO12: 0.115 | AP12: 750 | AR12: 0.248 | AS12: 0.241 | AT12: 0.155 | AU12: 0.274 | AV12: 0.181 | AW12: 0.144 | AX12: 0.235 | AY12: 0.15 | AZ12: 0.237 | BA12: 0.189 | BB12: 0.222 | BC12: 0.19
A13: F | B13: 0.137 | C13: 0.136 | D13: 0.166 | E13: 0.152 | F13: 0.281 | G13: 0.15 | H13: 0.163 | I13: 0.156 | J13: 0.282 | K13: 0.143 | L13: 0.142 | M13: 0.638 | N13: 490 | O13: F | P13: 0.402 | Q13: 0.136 | R13: 0.146 | S13: 0.149 | T13: 0.319 | U13: 0.177 | V13: 0.154 | W13: 0.181 | X13: 0.317 | Y13: 0.144 | Z13: 0.148 | AA13: 0.135 | AB13: 490 | AC13: F | AD13: 0.136 | AE13: 0.141 | AF13: 0.248 | AG13: 0.189 | AH13: 0.2 | AI13: 0.18 | AJ13: 0.183 | AK13: 0.139 | AL13: 0.285 | AM13: 0.629 | AN13: 0.136 | AO13: 0.139 | AP13: 490 | AQ13: F | AR13: 0.203 | AS13: 0.196 | AT13: 0.192 | AU13: 0.201 | AV13: 0.198 | AW13: 0.225 | AX13: 0.189 | AY13: 0.246 | AZ13: 0.392 | BA13: 0.196 | BB13: 0.22 | BC13: 0.226
B14: 0.095 | C14: 0.095 | D14: 0.109 | E14: 0.108 | F14: 0.109 | G14: 0.103 | H14: 0.108 | I14: 0.107 | J14: 0.095 | K14: 0.099 | L14: 0.098 | M14: 0.183 | N14: 750 | P14: 0.187 | Q14: 0.097 | R14: 0.103 | S14: 0.106 | T14: 0.122 | U14: 0.119 | V14: 0.108 | W14: 0.127 | X14: 0.128 | Y14: 0.1 | Z14: 0.102 | AA14: 0.091 | AB14: 750 | AD14: 0.093 | AE14: 0.1 | AF14: 0.133 | AG14: 0.116 | AH14: 0.103 | AI14: 0.104 | AJ14: 0.119 | AK14: 0.097 | AL14: 0.098 | AM14: 0.21 | AN14: 0.095 | AO14: 0.095 | AP14: 750 | AR14: 0.203 | AS14: 0.204 | AT14: 0.195 | AU14: 0.203 | AV14: 0.151 | AW14: 0.228 | AX14: 0.188 | AY14: 0.255 | AZ14: 0.239 | BA14: 0.21 | BB14: 0.234 | BC14: 0.21
A15: G | B15: 0.235 | C15: 0.593 | D15: 0.564 | E15: 0.239 | F15: 0.117 | G15: 0.149 | H15: 0.137 | I15: 0.147 | J15: 0.273 | K15: 0.453 | L15: 0.125 | M15: 0.139 | N15: 490 | O15: G | P15: 0.135 | Q15: 0.23 | R15: 0.143 | S15: 0.277 | T15: 0.122 | U15: 0.148 | V15: 0.139 | W15: 0.185 | X15: 0.348 | Y15: 0.403 | Z15: 0.169 | AA15: 0.142 | AB15: 490 | AC15: G | AD15: 0.142 | AE15: 0.296 | AF15: 0.141 | AG15: 0.255 | AH15: 0.247 | AI15: 0.141 | AJ15: 0.137 | AK15: 0.196 | AL15: 0.245 | AM15: 0.277 | AN15: 0.122 | AO15: 0.169 | AP15: 490 | AQ15: G | AR15: 0.103 | AS15: 0.229 | AT15: 0.2 | AU15: 0.2 | AV15: 0.196 | AW15: 0.265 | AX15: 0.22 | AY15: 0.16 | AZ15: 0.234 | BA15: 0.247 | BB15: 0.222 | BC15: 0.245
B16: 0.131 | C16: 0.258 | D16: 0.186 | E16: 0.162 | F16: 0.08 | G16: 0.1 | H16: 0.093 | I16: 0.101 | J16: 0.119 | K16: 0.186 | L16: 0.084 | M16: 0.093 | N16: 750 | P16: 0.093 | Q16: 0.125 | R16: 0.103 | S16: 0.193 | T16: 0.083 | U16: 0.099 | V16: 0.093 | W16: 0.114 | X16: 0.168 | Y16: 0.171 | Z16: 0.096 | AA16: 0.094 | AB16: 750 | AD16: 0.098 | AE16: 0.155 | AF16: 0.102 | AG16: 0.174 | AH16: 0.135 | AI16: 0.095 | AJ16: 0.093 | AK16: 0.117 | AL16: 0.134 | AM16: 0.141 | AN16: 0.082 | AO16: 0.104 | AP16: 750 | AR16: 0.09 | AS16: 0.241 | AT16: 0.214 | AU16: 0.207 | AV16: 0.202 | AW16: 0.264 | AX16: 0.221 | AY16: 0.167 | AZ16: 0.249 | BA16: 0.254 | BB16: 0.23 | BC16: 0.24
A17: H | B17: 0.603 | C17: 0.115 | D17: 0.147 | E17: 0.284 | F17: 0.139 | G17: 0.167 | H17: 0.154 | I17: 0.155 | J17: 1.082 | K17: 0.144 | L17: 0.175 | M17: 0.151 | N17: 490 | O17: H | P17: 0.361 | Q17: 0.13 | R17: 1.415 | S17: 0.141 | T17: 0.137 | U17: 0.144 | V17: 0.214 | W17: 0.15 | X17: 1.056 | Y17: 0.204 | Z17: 0.183 | AA17: 0.151 | AB17: 490 | AC17: H | AD17: 0.359 | AE17: 0.125 | AF17: 1.617 | AG17: 0.255 | AH17: 0.135 | AI17: 0.14 | AJ17: 0.145 | AK17: 0.208 | AL17: 1.105 | AM17: 0.196 | AN17: 0.168 | AO17: 0.148 | AP17: 490 | AQ17: H | AR17: 0.257 | AS17: 0.267 | AT17: 0.267 | AU17: 0.218 | AV17: 0.261 | AW17: 0.285 | AX17: 0.167 | AY17: 0.276 | AZ17: 0.657 | BA17: 0.226 | BB17: 0.337 | BC17: 0.279
B18: 0.292 | C18: 0.078 | D18: 0.101 | E18: 0.135 | F18: 0.096 | G18: 0.102 | H18: 0.103 | I18: 0.106 | J18: 0.391 | K18: 0.099 | L18: 0.093 | M18: 0.102 | N18: 750 | P18: 0.234 | Q18: 0.088 | R18: 0.451 | S18: 0.097 | T18: 0.095 | U18: 0.097 | V18: 0.117 | W18: 0.102 | X18: 0.358 | Y18: 0.12 | Z18: 0.102 | AA18: 0.103 | AB18: 750 | AD18: 0.224 | AE18: 0.084 | AF18: 0.557 | AG18: 0.135 | AH18: 0.093 | AI18: 0.094 | AJ18: 0.095 | AK18: 0.12 | AL18: 0.397 | AM18: 0.126 | AN18: 0.092 | AO18: 0.103 | AP18: 750 | AR18: 0.252 | AS18: 0.265 | AT18: 0.278 | AU18: 0.219 | AV18: 0.26 | AW18: 0.284 | AX18: 0.16 | AY18: 0.276 | AZ18: 0.257 | BA18: 0.222 | BB18: 0.299 | BC18: 0.27
A20: t0 | B20: 2.1
B21: 1 | C21: 2 | D21: 3 | E21: 4 | F21: 5 | G21: 6 | H21: 7 | I21: 8 | J21: 9 | K21: 10 | L21: 11 | M21: 12
A22: A | B22: 0.123 | C22: 0.115 | D22: 0.12 | E22: 0.129 | F22: 0.115 | G22: 0.129 | H22: 0.146 | I22: 0.128 | J22: 0.12 | K22: 0.119 | L22: 0.121 | M22: 0.213
B23: 0.093 | C23: 0.088 | D23: 0.091 | E23: 0.097 | F23: 0.087 | G23: 0.091 | H23: 0.117 | I23: 0.093 | J23: 0.092 | K23: 0.091 | L23: 0.091 | M23: 0.128
A24: B | B24: 0.122 | C24: 0.115 | D24: 0.119 | E24: 0.119 | F24: 0.194 | G24: 0.127 | H24: 0.121 | I24: 0.124 | J24: 0.152 | K24: 0.119 | L24: 0.118 | M24: 0.119
B25: 0.092 | C25: 0.088 | D25: 0.089 | E25: 0.09 | F25: 0.088 | G25: 0.096 | H25: 0.092 | I25: 0.092 | J25: 0.096 | K25: 0.09 | L25: 0.088 | M25: 0.09
A26: C | B26: 0.114 | C26: 0.109 | D26: 0.114 | E26: 0.117 | F26: 0.109 | G26: 0.122 | H26: 0.118 | I26: 0.12 | J26: 0.119 | K26: 0.116 | L26: 0.112 | M26: 0.158
B27: 0.086 | C27: 0.083 | D27: 0.086 | E27: 0.089 | F27: 0.085 | G27: 0.092 | H27: 0.089 | I27: 0.09 | J27: 0.091 | K27: 0.088 | L27: 0.087 | M27: 0.115
A28: D | B28: 0.112 | C28: 0.109 | D28: 0.114 | E28: 0.125 | F28: 0.108 | G28: 0.451 | H28: 0.117 | I28: 0.118 | J28: 0.119 | K28: 0.116 | L28: 0.113 | M28: 0.118
B29: 0.086 | C29: 0.084 | D29: 0.087 | E29: 0.098 | F29: 0.084 | G29: 0.094 | H29: 0.088 | I29: 0.088 | J29: 0.09 | K29: 0.089 | L29: 0.087 | M29: 0.089
A30: E | B30: 0.133 | C30: 0.111 | D30: 0.113 | E30: 0.125 | F30: 0.157 | G30: 0.12 | H30: 0.123 | I30: 0.117 | J30: 0.132 | K30: 0.116 | L30: 0.114 | M30: 0.146
B31: 0.11 | C31: 0.087 | D31: 0.089 | E31: 0.096 | F31: 0.085 | G31: 0.09 | H31: 0.089 | I31: 0.088 | J31: 0.101 | K31: 0.089 | L31: 0.089 | M31: 0.09
A32: F | B32: 0.118 | C32: 0.11 | D32: 0.148 | E32: 0.122 | F32: 0.112 | G32: 0.122 | H32: 0.111 | I32: 0.126 | J32: 0.129 | K32: 0.125 | L32: 0.114 | M32: 0.144
B33: 0.091 | C33: 0.087 | D33: 0.107 | E33: 0.096 | F33: 0.085 | G33: 0.092 | H33: 0.084 | I33: 0.096 | J33: 0.089 | K33: 0.089 | L33: 0.086 | M33: 0.11
A34: G | B34: 0.115 | C34: 0.108 | D34: 0.111 | E34: 0.131 | F34: 0.109 | G34: 0.117 | H34: 0.124 | I34: 0.121 | J34: 0.132 | K34: 0.162 | L34: 0.114 | M34: 0.128
B35: 0.087 | C35: 0.085 | D35: 0.088 | E35: 0.102 | F35: 0.085 | G35: 0.089 | H35: 0.094 | I35: 0.092 | J35: 0.103 | K35: 0.134 | L35: 0.088 | M35: 0.098
A36: H | B36: 0.266 | C36: 0.129 | D36: 0.115 | E36: 0.12 | F36: 0.112 | G36: 0.12 | H36: 0.121 | I36: 0.12 | J36: 0.241 | K36: 0.116 | L36: 0.12 | M36: 0.122
B37: 0.242 | C37: 0.101 | D37: 0.088 | E37: 0.091 | F37: 0.086 | G37: 0.09 | H37: 0.088 | I37: 0.091 | J37: 0.093 | K37: 0.088 | L37: 0.086 | M37: 0.092
B40: 1 | C40: 2 | D40: 3 | E40: 4 | F40: 5 | G40: 6 | H40: 7 | I40: 8 | J40: 9 | K40: 10 | L40: 11 | M40: 12 | P40: 1 | Q40: 2 | R40: 3 | S40: 4 | T40: 5 | U40: 6 | V40: 7 | W40: 8 | X40: 9 | Y40: 10 | Z40: 11 | AA40: 12 | AD40: 1 | AE40: 2 | AF40: 3 | AG40: 4 | AH40: 5 | AI40: 6 | AJ40: 7 | AK40: 8 | AL40: 9 | AM40: 10 | AN40: 11 | AO40: 12
A41: A | B41: =B3-B22 -> 0.026 | C41: =C3-C22 -> 0.057 | D41: =D3-D22 -> 0.076 | E41: =E3-E22 -> 0.072 | F41: =F3-F22 -> 0.025 | G41: =G3-G22 -> 0.064 | H41: =H3-H22 -> -0.016 | I41: =I3-I22 -> 0.024 | ... M41: =M3-M22 -> 0.088 | O41: A | P41: =P3-B22 -> 0.024 | Q41: =Q3-C22 -> 0.021 | R41: =R3-D22 -> 0.023 | S41: =S3-E22 -> 0.031 | T41: =T3-F22 -> 0.029 | U41: =U3-G22 -> 0.069 | V41: =V3-H22 -> 0.01 | W41: =W3-I22 -> 0.028 | ... AA41: =AA3-M22 -> 0.109 | AC41: A | AD41: =AD3-B22 -> 0.022 | AE41: =AE3-C22 -> 0.032 | AF41: =AF3-D22 -> 0.022 | AG41: =AG3-E22 -> 0.057 | AH41: =AH3-F22 -> 0.033 | AI41: =AI3-G22 -> 0.067 | AJ41: =AJ3-H22 -> 0.006 | AK41: =AK3-I22 -> 0.12 | ... AO41: =AO3-M22 -> 0.099
B42: =B4-B23 -> 0.009 | C42: =C4-C23 -> 0.02 | D42: =D4-D23 -> 0.03 | E42: =E4-E23 -> 0.028 | F42: =F4-F23 -> 0.013 | G42: =G4-G23 -> 0.029 | H42: =H4-H23 -> -0.029 | I42: =I4-I23 -> 0.005 | ... M42: =M4-M23 -> 0.044 | P42: =P4-B23 -> 0.008 | Q42: =Q4-C23 -> 0.005 | R42: =R4-D23 -> 0.01 | S42: =S4-E23 -> 0.014 | T42: =T4-F23 -> 0.016 | U42: =U4-G23 -> 0.033 | V42: =V4-H23 -> -0.011 | W42: =W4-I23 -> 0.008 | ... AA42: =AA4-M23 -> 0.052 | AD42: =AD4-B23 -> 0.007 | AE42: =AE4-C23 -> 0.012 | AF42: =AF4-D23 -> 0.009 | AG42: =AG4-E23 -> 0.025 | AH42: =AH4-F23 -> 0.017 | AI42: =AI4-G23 -> 0.031 | AJ42: =AJ4-H23 -> -0.005 | AK42: =AK4-I23 -> 0.046 | ... AO42: =AO4-M23 -> 0.049
A43: B | B43: =B5-B24 -> 0.027 | C43: =C5-C24 -> 0.021 | D43: =D5-D24 -> 0.128 | E43: =E5-E24 -> 0.217 | F43: =F5-F24 -> 0.255 | G43: =G5-G24 -> 0.631 | H43: =H5-H24 -> 0.367 | I43: =I5-I24 -> 0.043 | ... M43: =M5-M24 -> 0.02 | O43: B | P43: =P5-B24 -> 0.029 | Q43: =Q5-C24 -> 0.016 | R43: =R5-D24 -> 0.101 | S43: =S5-E24 -> 0.281 | T43: =T5-F24 -> 0.268 | U43: =U5-G24 -> 0.588 | V43: =V5-H24 -> 0.416 | W43: =W5-I24 -> 0.098 | ... AA43: =AA5-M24 -> 0.022 | AC43: B | AD43: =AD5-B24 -> 0.029 | AE43: =AE5-C24 -> 0.021 | AF43: =AF5-D24 -> 0.079 | AG43: =AG5-E24 -> 0.243 | AH43: =AH5-F24 -> 0.178 | AI43: =AI5-G24 -> 0.559 | AJ43: =AJ5-H24 -> 0.378 | AK43: =AK5-I24 -> 0.07 | ... AO43: =AO5-M24 -> 0.022
B44: =B6-B25 -> 0.011 | C44: =C6-C25 -> 0.007 | D44: =D6-D25 -> 0.041 | E44: =E6-E25 -> 0.118 | F44: =F6-F25 -> 0.045 | G44: =G6-G25 -> 0.278 | H44: =H6-H25 -> 0.215 | I44: =I6-I25 -> 0.019 | ... M44: =M6-M25 -> -0.001 | P44: =P6-B25 -> 0.011 | Q44: =Q6-C25 -> 0.003 | R44: =R6-D25 -> 0.039 | S44: =S6-E25 -> 0.149 | T44: =T6-F25 -> 0.047 | U44: =U6-G25 -> 0.26 | V44: =V6-H25 -> 0.24 | W44: =W6-I25 -> 0.057 | ... AA44: =AA6-M25 -> 0.001 | AD44: =AD6-B25 -> 0.012 | AE44: =AE6-C25 -> 0.006 | AF44: =AF6-D25 -> 0.036 | AG44: =AG6-E25 -> 0.158 | AH44: =AH6-F25 -> 0.041 | AI44: =AI6-G25 -> 0.243 | AJ44: =AJ6-H25 -> 0.232 | AK44: =AK6-I25 -> 0.02 | ... AO44: =AO6-M25 -> 0.002
A45: C | B45: =B7-B26 -> 0.155 | C45: =C7-C26 -> 0.029 | D45: =D7-D26 -> 0.038 | E45: =E7-E26 -> 0.659 | F45: =F7-F26 -> 0.127 | G45: =G7-G26 -> 0.053 | H45: =H7-H26 -> 0.042 | I45: =I7-I26 -> 0.087 | ... M45: =M7-M26 -> 0.845 | O45: C | P45: =P7-B26 -> 0.046 | Q45: =Q7-C26 -> 0.038 | R45: =R7-D26 -> 0.059 | S45: =S7-E26 -> 0.732 | T45: =T7-F26 -> 0.185 | U45: =U7-G26 -> 0.037 | V45: =V7-H26 -> 0.081 | W45: =W7-I26 -> 0.09 | ... AA45: =AA7-M26 -> 0.791 | AC45: C | AD45: =AD7-B26 -> 0.104 | AE45: =AE7-C26 -> 0.036 | AF45: =AF7-D26 -> 0.038 | AG45: =AG7-E26 -> 0.709 | AH45: =AH7-F26 -> 0.486 | AI45: =AI7-G26 -> 0.032 | AJ45: =AJ7-H26 -> 0.044 | AK45: =AK7-I26 -> 0.064 | ... AO45: =AO7-M26 -> 0.834
B46: =B8-B27 -> 0.048 | C46: =C8-C27 -> 0.011 | D46: =D8-D27 -> 0.02 | E46: =E8-E27 -> 0.365 | F46: =F8-F27 -> 0.075 | G46: =G8-G27 -> 0.024 | H46: =H8-H27 -> 0.021 | I46: =I8-I27 -> 0.013 | ... M46: =M8-M27 -> 0.454 | P46: =P8-B27 -> 0.021 | Q46: =Q8-C27 -> 0.017 | R46: =R8-D27 -> 0.028 | S46: =S8-E27 -> 0.399 | T46: =T8-F27 -> 0.11 | U46: =U8-G27 -> 0.02 | V46: =V8-H27 -> 0.025 | W46: =W8-I27 -> 0.017 | ... AA46: =AA8-M27 -> 0.402 | AD46: =AD8-B27 -> 0.026 | AE46: =AE8-C27 -> 0.017 | AF46: =AF8-D27 -> 0.02 | AG46: =AG8-E27 -> 0.409 | AH46: =AH8-F27 -> 0.279 | AI46: =AI8-G27 -> 0.017 | AJ46: =AJ8-H27 -> 0.023 | AK46: =AK8-I27 -> 0.015 | ... AO46: =AO8-M27 -> 0.438
A47: D | B47: =B9-B28 -> 0.176 | C47: =C9-C28 -> 0.036 | D47: =D9-D28 -> 0.033 | E47: =E9-E28 -> 0.025 | F47: =F9-F28 -> 0.038 | G47: =G9-G28 -> -0.155 | H47: =H9-H28 -> 0.517 | I47: =I9-I28 -> 0.533 | ... M47: =M9-M28 -> 0.023 | O47: D | P47: =P9-B28 -> 0.04 | Q47: =Q9-C28 -> 0.036 | R47: =R9-D28 -> 0.103 | S47: =S9-E28 -> 0.028 | T47: =T9-F28 -> 0.105 | U47: =U9-G28 -> -0.111 | V47: =V9-H28 -> 0.569 | W47: =W9-I28 -> 0.764 | ... AA47: =AA9-M28 -> 0.022 | AC47: D | AD47: =AD9-B28 -> 0.258 | AE47: =AE9-C28 -> 0.037 | AF47: =AF9-D28 -> 0.067 | AG47: =AG9-E28 -> 0.04 | AH47: =AH9-F28 -> 0.051 | AI47: =AI9-G28 -> -0.184 | AJ47: =AJ9-H28 -> 0.621 | AK47: =AK9-I28 -> 0.711 | ... AO47: =AO9-M28 -> 0.022
B48: =B10-B29 -> 0.074 | C48: =C10-C29 -> 0.019 | D48: =D10-D29 -> 0.015 | E48: =E10-E29 -> -0.018 | F48: =F10-F29 -> 0.018 | G48: =G10-G29 -> 0.055 | H48: =H10-H29 -> 0.193 | I48: =I10-I29 -> 0.229 | ... M48: =M10-M29 -> 0.009 | P48: =P10-B29 -> 0.017 | Q48: =Q10-C29 -> 0.018 | R48: =R10-D29 -> 0.033 | S48: =S10-E29 -> -0.018 | T48: =T10-F29 -> 0.049 | U48: =U10-G29 -> 0.057 | V48: =V10-H29 -> 0.219 | W48: =W10-I29 -> 0.412 | ... AA48: =AA10-M29 -> 0.008 | AD48: =AD10-B29 -> 0.122 | AE48: =AE10-C29 -> 0.018 | AF48: =AF10-D29 -> 0.031 | AG48: =AG10-E29 -> 0.004 | AH48: =AH10-F29 -> 0.027 | AI48: =AI10-G29 -> 0.056 | AJ48: =AJ10-H29 -> 0.253 | AK48: =AK10-I29 -> 0.341 | ... AO48: =AO10-M29 -> 0.009
A49: E | B49: =B11-B30 -> -0.027 | C49: =C11-C30 -> 0.021 | D49: =D11-D30 -> 0.031 | E49: =E11-E30 -> 0.165 | F49: =F11-F30 -> 0.278 | G49: =G11-G30 -> 0.037 | H49: =H11-H30 -> 0.032 | I49: =I11-I30 -> 1.034 | ... M49: =M11-M30 -> 0.286 | O49: E | P49: =P11-B30 -> -0.033 | Q49: =Q11-C30 -> 0.019 | R49: =R11-D30 -> 0.035 | S49: =S11-E30 -> 0.166 | T49: =T11-F30 -> 0.302 | U49: =U11-G30 -> 0.067 | V49: =V11-H30 -> 0.039 | W49: =W11-I30 -> 0.074 | ... AA49: =AA11-M30 -> 0.312 | AC49: E | AD49: =AD11-B30 -> -0.043 | AE49: =AE11-C30 -> 0.022 | AF49: =AF11-D30 -> 0.341 | AG49: =AG11-E30 -> 0.169 | AH49: =AH11-F30 -> 0.311 | AI49: =AI11-G30 -> 0.033 | AJ49: =AJ11-H30 -> 0.036 | AK49: =AK11-I30 -> 1.255 | ... AO49: =AO11-M30 -> 0.273
B50: =B12-B31 -> -0.038 | C50: =C12-C31 -> 0.005 | D50: =D12-D31 -> 0.013 | E50: =E12-E31 -> 0.116 | F50: =F12-F31 -> 0.006 | G50: =G12-G31 -> 0.016 | H50: =H12-H31 -> 0.017 | I50: =I12-I31 -> 0.236 | ... M50: =M12-M31 -> 0.024 | P50: =P12-B31 -> -0.045 | Q50: =Q12-C31 -> 0.003 | R50: =R12-D31 -> 0.017 | S50: =S12-E31 -> 0.119 | T50: =T12-F31 -> 0.012 | U50: =U12-G31 -> 0.017 | V50: =V12-H31 -> 0.02 | W50: =W12-I31 -> 0.045 | ... AA50: =AA12-M31 -> 0.026 | AD50: =AD12-B31 -> -0.05 | AE50: =AE12-C31 -> 0.005 | AF50: =AF12-D31 -> 0.07 | AG50: =AG12-E31 -> 0.109 | AH50: =AH12-F31 -> 0.011 | AI50: =AI12-G31 -> 0.014 | AJ50: =AJ12-H31 -> 0.019 | AK50: =AK12-I31 -> 0.407 | ... AO50: =AO12-M31 -> 0.025
A51: F | B51: =B13-B32 -> 0.019 | C51: =C13-C32 -> 0.026 | D51: =D13-D32 -> 0.018 | E51: =E13-E32 -> 0.03 | F51: =F13-F32 -> 0.169 | G51: =G13-G32 -> 0.028 | H51: =H13-H32 -> 0.052 | I51: =I13-I32 -> 0.03 | ... M51: =M13-M32 -> 0.494 | O51: F | P51: =P13-B32 -> 0.284 | Q51: =Q13-C32 -> 0.026 | R51: =R13-D32 -> -0.002 | S51: =S13-E32 -> 0.027 | T51: =T13-F32 -> 0.207 | U51: =U13-G32 -> 0.055 | V51: =V13-H32 -> 0.043 | W51: =W13-I32 -> 0.055 | ... AA51: =AA13-M32 -> -0.009 | AC51: F | AD51: =AD13-B32 -> 0.018 | AE51: =AE13-C32 -> 0.031 | AF51: =AF13-D32 -> 0.1 | AG51: =AG13-E32 -> 0.067 | AH51: =AH13-F32 -> 0.088 | AI51: =AI13-G32 -> 0.058 | AJ51: =AJ13-H32 -> 0.072 | AK51: =AK13-I32 -> 0.013 | ... AO51: =AO13-M32 -> -0.005
B52: =B14-B33 -> 0.004 | C52: =C14-C33 -> 0.008 | D52: =D14-D33 -> 0.002 | E52: =E14-E33 -> 0.012 | F52: =F14-F33 -> 0.024 | G52: =G14-G33 -> 0.011 | H52: =H14-H33 -> 0.024 | I52: =I14-I33 -> 0.011 | ... M52: =M14-M33 -> 0.073 | P52: =P14-B33 -> 0.096 | Q52: =Q14-C33 -> 0.01 | R52: =R14-D33 -> -0.004 | S52: =S14-E33 -> 0.01 | T52: =T14-F33 -> 0.037 | U52: =U14-G33 -> 0.027 | V52: =V14-H33 -> 0.024 | W52: =W14-I33 -> 0.031 | ... AA52: =AA14-M33 -> -0.019 | AD52: =AD14-B33 -> 0.002 | AE52: =AE14-C33 -> 0.013 | AF52: =AF14-D33 -> 0.026 | AG52: =AG14-E33 -> 0.02 | AH52: =AH14-F33 -> 0.018 | AI52: =AI14-G33 -> 0.012 | AJ52: =AJ14-H33 -> 0.035 | AK52: =AK14-I33 -> 0.001 | ... AO52: =AO14-M33 -> -0.015
A53: G | B53: =B15-B34 -> 0.12 | C53: =C15-C34 -> 0.485 | D53: =D15-D34 -> 0.453 | E53: =E15-E34 -> 0.108 | F53: =F15-F34 -> 0.008 | G53: =G15-G34 -> 0.032 | H53: =H15-H34 -> 0.013 | I53: =I15-I34 -> 0.026 | ... M53: =M15-M34 -> 0.011 | O53: G | P53: =P15-B34 -> 0.02 | Q53: =Q15-C34 -> 0.122 | R53: =R15-D34 -> 0.032 | S53: =S15-E34 -> 0.146 | T53: =T15-F34 -> 0.013 | U53: =U15-G34 -> 0.031 | V53: =V15-H34 -> 0.015 | W53: =W15-I34 -> 0.064 | ... AA53: =AA15-M34 -> 0.014 | AC53: G | AD53: =AD15-B34 -> 0.027 | AE53: =AE15-C34 -> 0.188 | AF53: =AF15-D34 -> 0.03 | AG53: =AG15-E34 -> 0.124 | AH53: =AH15-F34 -> 0.138 | AI53: =AI15-G34 -> 0.024 | AJ53: =AJ15-H34 -> 0.013 | AK53: =AK15-I34 -> 0.075 | ... AO53: =AO15-M34 -> 0.041
B54: =B16-B35 -> 0.044 | C54: =C16-C35 -> 0.173 | D54: =D16-D35 -> 0.098 | E54: =E16-E35 -> 0.06 | F54: =F16-F35 -> -0.005 | G54: =G16-G35 -> 0.011 | H54: =H16-H35 -> -0.001 | I54: =I16-I35 -> 0.009 | ... M54: =M16-M35 -> -0.005 | P54: =P16-B35 -> 0.006 | Q54: =Q16-C35 -> 0.04 | R54: =R16-D35 -> 0.015 | S54: =S16-E35 -> 0.091 | T54: =T16-F35 -> -0.002 | U54: =U16-G35 -> 0.01 | V54: =V16-H35 -> -0.001 | W54: =W16-I35 -> 0.022 | ... AA54: =AA16-M35 -> -0.004 | AD54: =AD16-B35 -> 0.011 | AE54: =AE16-C35 -> 0.07 | AF54: =AF16-D35 -> 0.014 | AG54: =AG16-E35 -> 0.072 | AH54: =AH16-F35 -> 0.05 | AI54: =AI16-G35 -> 0.006 | AJ54: =AJ16-H35 -> -0.001 | AK54: =AK16-I35 -> 0.025 | ... AO54: =AO16-M35 -> 0.006
A55: H | B55: =B17-B36 -> 0.337 | C55: =C17-C36 -> -0.014 | D55: =D17-D36 -> 0.032 | E55: =E17-E36 -> 0.164 | F55: =F17-F36 -> 0.027 | G55: =G17-G36 -> 0.047 | H55: =H17-H36 -> 0.033 | I55: =I17-I36 -> 0.035 | ... M55: =M17-M36 -> 0.029 | O55: H | P55: =P17-B36 -> 0.095 | Q55: =Q17-C36 -> 0.001 | R55: =R17-D36 -> 1.3 | S55: =S17-E36 -> 0.021 | T55: =T17-F36 -> 0.025 | U55: =U17-G36 -> 0.024 | V55: =V17-H36 -> 0.093 | W55: =W17-I36 -> 0.03 | ... AA55: =AA17-M36 -> 0.029 | AC55: H | AD55: =AD17-B36 -> 0.093 | AE55: =AE17-C36 -> -0.004 | AF55: =AF17-D36 -> 1.502 | AG55: =AG17-E36 -> 0.135 | AH55: =AH17-F36 -> 0.023 | AI55: =AI17-G36 -> 0.02 | AJ55: =AJ17-H36 -> 0.024 | AK55: =AK17-I36 -> 0.088 | ... AO55: =AO17-M36 -> 0.026
B56: =B18-B37 -> 0.05 | C56: =C18-C37 -> -0.023 | D56: =D18-D37 -> 0.013 | E56: =E18-E37 -> 0.044 | F56: =F18-F37 -> 0.01 | G56: =G18-G37 -> 0.012 | H56: =H18-H37 -> 0.015 | I56: =I18-I37 -> 0.015 | ... M56: =M18-M37 -> 0.01 | P56: =P18-B37 -> -0.008 | Q56: =Q18-C37 -> -0.013 | R56: =R18-D37 -> 0.363 | S56: =S18-E37 -> 0.006 | T56: =T18-F37 -> 0.009 | U56: =U18-G37 -> 0.007 | V56: =V18-H37 -> 0.029 | W56: =W18-I37 -> 0.011 | ... AA56: =AA18-M37 -> 0.011 | AD56: =AD18-B37 -> -0.018 | AE56: =AE18-C37 -> -0.017 | AF56: =AF18-D37 -> 0.469 | AG56: =AG18-E37 -> 0.044 | AH56: =AH18-F37 -> 0.007 | AI56: =AI18-G37 -> 0.004 | AJ56: =AJ18-H37 -> 0.007 | AK56: =AK18-I37 -> 0.029 | ... AO56: =AO18-M37 -> 0.011
A58: Legende: | C58: dye reduktion über 0,1 mit kovalentem antieg im wachstum. gilt nur wenn kein anderes symbol im 750 nm feld
C59: 2 von 3 zeigten vergeichbares wachstum
C60: 1 von 3 zeigte wachstum
C61: dye reduktion ohne wachstum. vergleich mit abiotic bestätigt abiotic dye reduction
A63: Ergeniss: Vergleich Modell mit Test
B64: 1 | C64: 2 | D64: 3 | E64: 4 | F64: 5 | G64: 6 | H64: 7 | I64: 8 | J64: 9 | K64: 10 | L64: 11 | M64: 12
A65: A | M65: 0
A66: B
A67: C
A68: D | I68: 0.9954
A69: E
A70: F
A71: G | J71: 0.654
A72: H
A74: Legende: | C74: Wachstum in Modell und Test
C75: Kein Wachstum in Modell, aber in Test
C76: kein Wachstum in Modell, aber in 2/3 Tests
C78: A10 | D78: Laminarin | F78: CAS 9008-22-4 | G78: C00771 | J78: C01 | K78: Gentiobiose | M78: CAS 554-91-6 | N78: C08240 | Q78: D08 | R78: Xylitol | S78: CAS 87-99-0 | T78: C00379 | U78: xylt
C79: A12 | D79: Pectin | F79: CAS 9000-69-5 | G79: C00714 | H79: pectin | J79: D01 | K79: D-Raffinose | M79: CAS 17629-30-0 | N79: C00492 | Q79: G09 | R79: L-Isoleucine | S79: CAS 73-32-5 | T79: C00407 | U79: ile_L
C80: B03 | D80: b-D-Allose | F80: CAS 2595-97-3 | G80: C01487 | J80: E08 | K80: b-Hydroxybutyric acid | M80: CAS 150-83-4 | N80: C01089
C81: B04 | D81: Amygdalin | F81: CAS 29883-15-6 | G81: C08325 | J81: F05 | K81: Oxalomalic acid | M81: CAS 89304-26-7 | N81: C01990
C82: B05 | D82: D-Arabinose | F82: CAS 10323-20-3 | G82: C00216 | H82: arab_D | J82: G02 | K82: L-Alaninamide | M82: CAS 33208-99-0
C83: B06 | D83: D-Arabitol | F83: CAS 488-82-4 | G83: C01904 | H83: abt_D | J83: H04 | K83: L-Valine | M83: CAS 72-18-4 | N83: C00183 | O83: val_L
C84: B07 | D84: L-Arabitol | F84: CAS 7643-75-6 | G84: C00532 | H84: abt
C85: B09 | D85: 2-Deoxy-D-Ribose | F85: CAS 533-67-5 | G85: C01801 | H85: drib
C86: B10 | D86: i-Erythritol | F86: CAS 149-32-6 | G86: C00503
C87: C04 | D87: D-Melezitose | F87: CAS 10030-67-8 | G87: C08243
C88: C05 | D88: Maltitol | F88: CAS 585-88-6 | G88: G00275
C89: C12 | D89: Palatinose | F89: CAS 13718-94-0 | G89: C01742
C90: D07 | D90: Turanose | F90: CAS 547-25-1 | G90: G03588
C91: E04 | D91: Citramalic acid | F91: CAS 6236-10-8 | G91: C00815
C92: E09 | D92: g-Hydroxybutyric acid | F92: CAS 502-85-2 | G92: C00989
C93: F09 | D93: Sorbic acid | F93: CAS 110-44-1
C94: G04 | D94: L-Arginine | F94: CAS 1119-34-2 | G94: C00062 | H94: arg_L
C95: G10 | D95: L-Leucine | F95: CAS 61-90-5 | G95: C00123 | H95: leu_L
C96: H09 | D96: Dihydroxyacetone | F96: CAS 96-26-4 | G96: C00184 | H96: dha
